1.8,0.01,0.7,446.94974072669606,81.5028287841191,69.84836656005724,12.42435577243405,655.5147164143118,5.522319423657883,2.5904758309450697,0.06102072061833301
1.80000001,0.01,0.7,446.94974072669606,81.5028287841191,69.84836656005724,12.42435471742706,655.5147175563777,5.522320035986336,2.5904758873051175,0.061020718781802354
1.8,0.01000001,0.7,446.94974072669606,81.5028287841191,69.84836656005724,12.424347141613298,655.51471559883,5.522320830620157,2.590474847504027,0.06102072747209056
1.8,0.01,0.70000001,446.94974072669606,81.5028287841191,69.84836656005724,12.424356410748914,655.5147167163735,5.522319380696136,2.5904757789833566,0.061020720791731486
1.8,0.01,0.7,446.94974073669607,81.5028287841191,69.84836656005724,12.4243558415057,655.5147164267452,5.522319413199289,2.590475828914295,0.061020720722993214
1.8,0.01,0.7,446.94974072669606,81.5028287941191,69.84836656005724,12.424355663102693,655.5147164154129,5.522319447102997,2.590475832596439,0.06102072047106395
1.8,0.01,0.7,446.94974072669606,81.5028287841191,69.84836657005724,12.424355713879095,655.5147164177629,5.522319437097006,2.5904758307341917,0.06102072056378448
3.0,3.0,0.4,440.0425812327151,92.43597128923959,75.70386570243217,516.8969307796912,629.4343099817133,20.27663631435456,1.8354592004179067,0.16046323126064865
2.99999999,3.0,0.4,440.0425812327151,92.43597128923959,75.70386570243217,516.8969307914674,629.4343099817133,20.27663631435456,1.8354592004179067,0.16046323130968893
3.0,2.99999999,0.4,440.0425812327151,92.43597128923959,75.70386570243217,516.8969306680996,629.4343099817133,20.27663631435456,1.8354592004179067,0.16046323080505778
3.0,3.0,0.40000001,440.0425812327151,92.43597128923959,75.70386570243217,516.8969308072725,629.4343099817133,20.27663631435456,1.8354592004179067,0.16046323136582255
3.0,3.0,0.4,440.04258124271513,92.43597128923959,75.70386570243217,516.8969307797931,629.4343099817133,20.27663631435456,1.8354592004179067,0.16046323125807477
3.0,3.0,0.4,440.0425812327151,92.43597129923958,75.70386570243217,516.8969307786771,629.4343099817133,20.27663631435456,1.8354592004179067,0.16046323125652007
3.0,3.0,0.4,440.0425812327151,92.43597128923959,75.70386571243216,516.8969307796077,629.4343099817133,20.27663631435456,1.8354592004179067,0.16046323124975112
2.098748631915713,0.7543820078566521,0.6253128420210716,445.23015368565405,84.22471325573933,71.30613519169736,500.9136533432515,629.4343099816747,20.27663631435456,1.8354592004179067,0.0404501481220817
2.098748641915713,0.7543820078566521,0.6253128420210716,445.23015368565405,84.22471325573933,71.30613519169736,500.9136533467806,629.4343099816747,20.27663631435456,1.8354592004179067,0.04045014827211609
2.098748631915713,0.7543820178566522,0.6253128420210716,445.23015368565405,84.22471325573933,71.30613519169736,500.91365335216983,629.4343099816747,20.27663631435456,1.8354592004179067,0.04045014865375938
2.098748631915713,0.7543820078566521,0.6253128520210717,445.23015368565405,84.22471325573933,71.30613519169736,500.913653345261,629.4343099816747,20.27663631435456,1.8354592004179067,0.040450148250591275
2.098748631915713,0.7543820078566521,0.6253128420210716,445.23015369565405,84.22471325573933,71.30613519169736,500.91365334326804,629.4343099816747,20.27663631435456,1.8354592004179067,0.04045014812186514
2.098748631915713,0.7543820078566521,0.6253128420210716,445.23015368565405,84.22471326573933,71.30613519169736,500.91365334320403,629.4343099816747,20.27663631435456,1.8354592004179067,0.04045014811895413
2.098748631915713,0.7543820078566521,0.6253128420210716,445.23015368565405,84.22471325573933,71.30613520169736,500.91365334323854,629.4343099816747,20.27663631435456,1.8354592004179067,0.04045014812078433
1.8425624048101252,0.1160513253185619,0.6893593987974687,446.70475296130365,81.8906128150772,70.05605333077649,58.72954110528719,657.7817913843688,20.27663631435456,1.8354592004179067,0.030582950674688948
1.8425624148101252,0.1160513253185619,0.6893593987974687,446.70475296130365,81.8906128150772,70.05605333077649,58.72954687818498,657.7817925794506,20.27663631435456,1.8354592004179067,0.03058295116075681
1.8425624048101252,0.11605133531856189,0.6893593987974687,446.70475296130365,81.8906128150772,70.05605333077649,58.72954101847658,657.7817913617738,20.27663631435456,1.8354592004179067,0.03058294974105709
1.8425624048101252,0.1160513253185619,0.6893594087974687,446.70475296130365,81.8906128150772,70.05605333077649,58.72954331183417,657.7817918384902,20.27663631435456,1.8354592004179067,0.03058295008804716
1.8425624048101252,0.1160513253185619,0.6893593987974687,446.70475297130366,81.8906128150772,70.05605333077649,58.729541166929245,657.7817913971118,20.27663631435456,1.8354592004179067,0.030582950674712357
1.8425624048101252,0.1160513253185619,0.6893593987974687,446.70475296130365,81.8906128250772,70.05605333077649,58.72954112034347,657.7817913874765,20.27663631435456,1.8354592004179067,0.03058295066951495
1.8425624048101252,0.1160513253185619,0.6893593987974687,446.70475296130365,81.8906128150772,70.05605334077649,58.729541128815285,657.7817913892233,20.27663631435456,1.8354592004179067,0.030582950668780987
1.8080004096793754,0.02993435411777657,0.6979998975801561,446.9036906386355,81.57572013338907,69.88740522007078,2.111233223248936,655.112385061207,8.536693422110863,1.8354592004179067,0.057770389928931826
1.8080004196793753,0.02993435411777657,0.6979998975801561,446.9036906386355,81.57572013338907,69.88740522007078,2.111232192957435,655.1123860373058,8.536694577821349,1.8354592004179067,0.05777038931892665
1.8080004096793754,0.02993436411777657,0.6979998975801561,446.9036906386355,81.57572013338907,69.88740522007078,2.1112296664701082,655.1123848937498,8.536695400932372,1.8354592004179067,0.057770379653706565
1.8080004096793754,0.02993435411777657,0.6979999075801562,446.9036906386355,81.57572013338907,69.88740522007078,2.1112333188199637,655.1123854202675,8.536693578936124,1.8354592004179067,0.05777038820912589
1.8080004096793754,0.02993435411777657,0.6979998975801561,446.9036906486355,81.57572013338907,69.88740522007078,2.111233254210922,655.1123850785402,8.536693414328711,1.8354592004179067,0.057770389947824886
1.8080004096793754,0.02993435411777657,0.6979998975801561,446.9036906386355,81.57572014338906,69.88740522007078,2.1112332816258355,655.1123850636484,8.536693389910427,1.8354592004179067,0.05777038999442378
1.8080004096793754,0.02993435411777657,0.6979998975801561,446.9036906386355,81.57572013338907,69.88740523007077,2.1112333472960154,655.112385070545,8.53669335611096,1.8354592004179067,0.057770390062865384
1.8165451525693328,0.04214769387848268,0.6981034422099076,446.8821405909298,81.60902805996847,69.90455024178857,50.43677537038263,654.7661005347209,20.276636314354377,1.8354592004179067,0.039900193305622604
1.8165451625693327,0.04214769387848268,0.6981034422099076,446.8821405909298,81.60902805996847,69.90455024178857,50.43677597081167,654.7661017292656,20.276636314354377,1.8354592004179067,0.03990019449893944
1.8165451525693328,0.042147703878482684,0.6981034422099076,446.8821405909298,81.60902805996847,69.90455024178857,50.436775483139606,654.7661006553469,20.276636314354377,1.8354592004179067,0.039900190502956207
1.8165451525693328,0.04214769387848268,0.6981034522099077,446.8821405909298,81.60902805996847,69.90455024178857,50.436775605618884,654.766100976737,20.276636314354377,1.8354592004179067,0.03990019240640881
1.8165451525693328,0.04214769387848268,0.6981034422099076,446.8821406009298,81.60902805996847,69.90455024178857,50.436775377963095,654.7661005495274,20.276636314354377,1.8354592004179067,0.03990019330647702
1.8165451525693328,0.04214769387848268,0.6981034422099076,446.8821405909298,81.60902806996846,69.90455024178857,50.436775371387206,654.7661005368325,20.276636314354377,1.8354592004179067,0.03990019330234138
1.8165451525693328,0.04214769387848268,0.6981034422099076,446.8821405909298,81.60902805996847,69.90455025178856,50.43677537249938,654.7661005388775,20.276636314354377,1.8354592004179067,0.0399001932999776
1.8081379646001285,0.030130966819241305,0.698001564461597,446.90334372180695,81.57625633082182,69.88768122394053,2.0250825649279625,655.1220733367655,8.593380516716273,1.8354592004179067,0.05755627757350294
1.8081379746001285,0.030130966819241305,0.698001564461597,446.90334372180695,81.57625633082182,69.88768122394053,2.025081547182031,655.1220743058716,8.593381707912885,1.8354592004179067,0.05755627689930471
1.8081379646001285,0.030130976819241307,0.698001564461597,446.90334372180695,81.57625633082182,69.88768122394053,2.025079154352662,655.1220731664296,8.593382472478208,1.8354592004179067,0.05755626743963553
1.8081379646001285,0.030130966819241305,0.698001574461597,446.90334372180695,81.57625633082182,69.88768122394053,2.025082841409766,655.1220736947074,8.59338057376817,1.8354592004179067,0.057556276072750844
1.8081379646001285,0.030130966819241305,0.698001564461597,446.90334373180696,81.57625633082182,69.88768122394053,2.0250826245472213,655.1220733500824,8.593380489428426,1.8354592004179067,0.05755627763296833
1.8081379646001285,0.030130966819241305,0.698001564461597,446.90334372180695,81.57625634082181,69.88768122394053,2.0250826098487544,655.1220733367574,8.593380490004698,1.8354592004179067,0.05755627762590975
1.8081379646001285,0.030130966819241305,0.698001564461597,446.90334372180695,81.57625633082182,69.88768123394053,2.025082618208239,655.1220733370692,8.593380485297347,1.8354592004179067,0.05755627763275139
1.8082719474703917,0.030322473847330025,0.698003188057166,446.90300581377585,81.57677860418488,69.88795006049303,1.943012597316203,655.1314979077239,8.64943850747774,1.8354592004179067,0.05734790493265918
1.8082719574703916,0.030322473847330025,0.698003188057166,446.90300581377585,81.57677860418488,69.88795006049303,1.9430115171526532,655.1314988786678,8.649439787328888,1.8354592004179067,0.05734790408556126
1.8082719474703917,0.030322483847330026,0.698003188057166,446.90300581377585,81.57677860418488,69.88795006049303,1.943009020152026,655.1314977314545,8.64944062814189,1.8354592004179067,0.057347894543042295
1.8082719474703917,0.030322473847330025,0.698003198057166,446.90300581377585,81.57677860418488,69.88795006049303,1.9430127350327626,655.1314982663698,8.649438655294475,1.8354592004179067,0.05734790324870878
1.8082719474703917,0.030322473847330025,0.698003188057166,446.90300582377586,81.57677860418488,69.88795006049303,1.943012515140584,655.1314979209177,8.649438566425152,1.8354592004179067,0.057347904811130855
1.8082719474703917,0.030322473847330025,0.698003188057166,446.90300581377585,81.57677861418487,69.88795006049303,1.9430125398734024,655.1314979099433,8.64943854412776,1.8354592004179067,0.05734790485252104
1.8082719474703917,0.030322473847330025,0.698003188057166,446.90300581377585,81.57677860418488,69.88795007049302,1.9430124839622411,655.1314979091716,8.649438578089912,1.8354592004179067,0.05734790477760302
1.8124085500198623,0.03623508386290635,0.6980533151335367,446.8925732023528,81.59290333207667,69.89625015114079,1.500044042656857,655.3424794923193,11.366264801228631,1.8354592004179067,0.05022916501121814
1.8124085600198623,0.03623508386290635,0.6980533151335367,446.8925732023528,81.59290333207667,69.89625015114079,1.5000473551368856,655.3424804094798,11.366266713741762,1.8354592004179067,0.050229163756073586
1.8124085500198623,0.036235093862906353,0.6980533151335367,446.8925732023528,81.59290333207667,69.89625015114079,1.5000502033000387,655.3424789402253,11.36627106622684,1.8354592004179067,0.0502291514165791
1.8124085500198623,0.03623508386290635,0.6980533251335368,446.8925732023528,81.59290333207667,69.89625015114079,1.5000450177239606,655.3424798409812,11.366265257429388,1.8354592004179067,0.050229163156445246
1.8124085500198623,0.03623508386290635,0.6980533151335367,446.89257321235283,81.59290333207667,69.89625015114079,1.5000439670847112,655.3424795163442,11.366264702567877,1.8354592004179067,0.05022916515719587
1.8124085500198623,0.03623508386290635,0.6980533151335367,446.8925732023528,81.59290334207667,69.89625015114079,1.5000440806458433,655.3424794921148,11.366264836355445,1.8354592004179067,0.05022916495620828
1.8124085500198623,0.03623508386290635,0.6980533151335367,446.8925732023528,81.59290333207667,69.89625016114078,1.5000439800931842,655.3424795016301,11.366264732529006,1.8354592004179067,0.05022916510484384
1.8096895909543733,0.03234876788009346,0.6980203669672349,446.8994304827094,81.58230466455771,69.89079456133219,1.1867577523159607,655.2253092102028,9.325102552419954,1.8354592004179067,0.05509868309929279
1.8096896009543733,0.03234876788009346,0.6980203669672349,446.8994304827094,81.58230466455771,69.89079456133219,1.1867575571970506,655.225310172512,9.325103939124142,1.8354592004179067,0.05509868220519965
1.8096895909543733,0.03234877788009346,0.6980203669672349,446.8994304827094,81.58230466455771,69.89079456133219,1.1867549556426629,655.225308987499,9.32510528129515,1.8354592004179067,0.055098672524128034
1.8096895909543733,0.03234876788009346,0.698020376967235,446.8994304827094,81.58230466455771,69.89079456133219,1.186757993377082,655.2253095684174,9.325102748645728,1.8354592004179067,0.05509868141103903
1.8096895909543733,0.03234876788009346,0.6980203669672349,446.8994304927094,81.58230466455771,69.89079456133219,1.1867578144164994,655.2253092281849,9.325102509214485,1.8354592004179067,0.05509868318319721
1.8096895909543733,0.03234876788009346,0.6980203669672349,446.8994304827094,81.5823046745577,69.89079456133219,1.1867577517442627,655.2253092109473,9.325102553882232,1.8354592004179067,0.05509868309298544
1.8096895909543733,0.03234876788009346,0.6980203669672349,446.8994304827094,81.58230466455771,69.89079457133218,1.1867577302961019,655.22530921283,9.325102578814061,1.8354592004179067,0.05509868304222806
1.8148628267932778,0.046899432977862324,0.6965284957891327,446.867809398823,81.631520360569,69.91720546958048,50.38445873680658,654.5433664239177,20.27663631435456,1.8354592004179067,0.03857677163103405
1.8148628367932778,0.046899432977862324,0.6965284957891327,446.867809398823,81.631520360569,69.91720546958048,50.38445894269928,654.5433675999292,20.27663631435456,1.8354592004179067,0.03857677275000674
1.8148628267932778,0.046899442977862325,0.6965284957891327,446.867809398823,81.631520360569,69.91720546958048,50.38445881275751,654.5433665424209,20.27663631435456,1.8354592004179067,0.03857676915955397
1.8148628267932778,0.046899432977862324,0.6965285057891327,446.867809398823,81.631520360569,69.91720546958048,50.384458828050526,654.5433668588079,20.27663631435456,1.8354592004179067,0.03857677078922046
1.8148628267932778,0.046899432977862324,0.6965284957891327,446.867809408823,81.631520360569,69.91720546958048,50.38445873953475,654.5433664386248,20.27663631435456,1.8354592004179067,0.038576771631557594
1.8148628267932778,0.046899432977862324,0.6965284957891327,446.867809398823,81.63152037056899,69.91720546958048,50.38445873709685,654.5433664257865,20.27663631435456,1.8354592004179067,0.03857677162710037
1.8148628267932778,0.046899432977862324,0.6965284957891327,446.867809398823,81.631520360569,69.91720547958047,50.38445873755627,654.5433664279456,20.27663631435456,1.8354592004179067,0.038576771625275084
1.8097645177096255,0.03255951298363958,0.6979987593950866,446.89897249755523,81.58301748193632,69.89117708471213,1.1256683775374627,655.226481983304,9.394591641484839,1.8354592004179067,0.05486953696439247
1.8097645277096255,0.03255951298363958,0.6979987593950866,446.89897249755523,81.58301748193632,69.89117708471213,1.125668220795149,655.2264829451163,9.39459309495315,1.8354592004179067,0.054869535962129554
1.8097645177096255,0.03255952298363958,0.6979987593950866,446.89897249755523,81.58301748193632,69.89117708471213,1.1256656635372508,655.2264817548505,9.39459448414781,1.8354592004179067,0.05486952628190867
1.8097645177096255,0.03255951298363958,0.6979987693950866,446.89897249755523,81.58301748193632,69.89117708471213,1.1256686710665769,655.2264823499736,9.39459180541587,1.8354592004179067,0.05486953534814759
1.8097645177096255,0.03255951298363958,0.6979987593950866,446.89897250755524,81.58301748193632,69.89117708471213,1.1256683680451898,655.2264819978296,9.39459167160402,1.8354592004179067,0.05486953690971075
1.8097645177096255,0.03255951298363958,0.6979987593950866,446.89897249755523,81.58301749193632,69.89117708471213,1.1256683671976218,655.226481985722,9.394591656302616,1.8354592004179067,0.054869536932979066
1.8097645177096255,0.03255951298363958,0.6979987593950866,446.89897249755523,81.58301748193632,69.89117709471212,1.125668390605996,655.2264819852569,9.394591629311458,1.8354592004179067,0.05486953697963519
1.8105188516423958,0.03468121413344596,0.6977812226177177,446.894361678078,81.59019385484532,69.89502818389016,0.7512879980306532,655.2268094252285,10.230330151155634,1.8354592004179067,0.052459513208122366
1.8105188616423957,0.03468121413344596,0.6977812226177177,446.894361678078,81.59019385484532,69.89502818389016,0.751288998545152,655.2268103490727,10.230331888868353,1.8354592004179067,0.052459511931870144
1.8105188516423958,0.03468122413344596,0.6977812226177177,446.894361678078,81.59019385484532,69.89502818389016,0.751287479208389,655.2268090863197,10.230334227046466,1.8354592004179067,0.05245950156925553
1.8105188516423958,0.03468121413344596,0.6977812326177177,446.894361678078,81.59019385484532,69.89502818389016,0.7512884074451046,655.2268097792215,10.230330481034168,1.8354592004179067,0.05245951141590553
1.8105188516423958,0.03468121413344596,0.6977812226177177,446.894361688078,81.59019385484532,69.89502818389016,0.7512880028605047,655.2268094314591,10.230330210981014,1.8354592004179067,0.05245951310934044
1.8105188516423958,0.03468121413344596,0.6977812226177177,446.894361678078,81.59019386484532,69.89502818389016,0.751287987251653,655.2268094188407,10.230330225965435,1.8354592004179067,0.052459513079031454
1.8105188516423958,0.03468121413344596,0.6977812226177177,446.894361678078,81.59019385484532,69.89502819389016,0.7512879906673836,655.2268094201708,10.230330187804363,1.8354592004179067,0.05245951313906668
1.8095816356529644,0.03545585505193247,0.6973103196307502,446.8933467318436,81.59180827789382,69.89589604433633,0.6198325660979247,655.0956083397955,10.384420066120242,1.8354592004179067,0.051742818945492534
1.8095816456529643,0.03545585505193247,0.6973103196307502,446.8933467318436,81.59180827789382,69.89589604433633,0.6198336552355032,655.095609250281,10.384421912881828,1.8354592004179067,0.0517428175485752
1.8095816356529644,0.03545586505193247,0.6973103196307502,446.8933467318436,81.59180827789382,69.89589604433633,0.6198327539557501,655.0956079710423,10.384424520657447,1.8354592004179067,0.051742807038136544
1.8095816356529644,0.03545585505193247,0.6973103296307502,446.8933467318436,81.59180827789382,69.89589604433633,0.6198329613861319,655.0956086829445,10.384420514191735,1.8354592004179067,0.0517428170038353
1.8095816356529644,0.03545585505193247,0.6973103196307502,446.89334674184363,81.59180827789382,69.89589604433633,0.6198325827980513,655.0956083583546,10.38442005287111,1.8354592004179067,0.05174281896940165
1.8095816356529644,0.03545585505193247,0.6973103196307502,446.8933467318436,81.59180828789381,69.89589604433633,0.6198325694418891,655.0956083425084,10.384420073421722,1.8354592004179067,0.05174281893015535
1.8095816356529644,0.03545585505193247,0.6973103196307502,446.8933467318436,81.59180827789382,69.89589605433632,0.6198325692982241,655.095608342154,10.384420074061854,1.8354592004179067,0.05174281892554693
1.804019260469639,0.03758626689609015,0.6949486022545307,446.89208215943466,81.59378211599325,69.8969712734015,0.30245458458003904,654.4524635033811,10.209534515297271,1.8354592004179067,0.05046182036454678
1.804019270469639,0.03758626689609015,0.6949486022545307,446.89208215943466,81.59378211599325,69.8969712734015,0.3024544529484674,654.4524643121075,10.209536884977355,1.8354592004179067,0.050461818136553795
1.804019260469639,0.03758627689609015,0.6949486022545307,446.89208215943466,81.59378211599325,69.8969712734015,0.30245425577426766,654.4524630506896,10.209540208381819,1.8354592004179067,0.050461806922728725
1.804019260469639,0.03758626689609015,0.6949486122545308,446.89208215943466,81.59378211599325,69.8969712734015,0.3024545738912969,654.4524638143498,10.209535047106648,1.8354592004179067,0.050461818376577525
1.804019260469639,0.03758626689609015,0.6949486022545307,446.8920821694347,81.59378211599325,69.8969712734015,0.3024545897138039,654.4524635217358,10.209534450183233,1.8354592004179067,0.05046182047091641
1.804019260469639,0.03758626689609015,0.6949486022545307,446.89208215943466,81.59378212599324,69.8969712734015,0.30245458251792845,654.4524635035312,10.209534545517744,1.8354592004179067,0.05046182031171122
1.804019260469639,0.03758626689609015,0.6949486022545307,446.89208215943466,81.59378211599325,69.8969712834015,0.302454586944785,654.4524635095827,10.209534483339546,1.8354592004179067,0.05046182040964261
1.8040042173160646,0.037779600062455045,0.6948713586840539,446.8916449006135,81.59443462871056,69.89730841581225,0.30185160096478103,654.4393206522163,10.315679989870274,1.8354592004179067,0.050215615601364484
1.8040042273160646,0.037779600062455045,0.6948713586840539,446.8916449006135,81.59443462871056,69.89730841581225,0.30185170638000886,654.4393214541852,10.315682386914862,1.8354592004179067,0.05021561337284493
1.8040042173160646,0.037779610062455046,0.6948713586840539,446.8916449006135,81.59443462871056,69.89730841581225,0.3018518976856076,654.4393201632727,10.315686012382319,1.8354592004179067,0.05021560180076207
1.8040042173160646,0.037779600062455045,0.694871368684054,446.8916449006135,81.59443462871056,69.89730841581225,0.30185163791597824,654.4393209600266,10.315680447036458,1.8354592004179067,0.05021561375022558
1.8040042173160646,0.037779600062455045,0.6948713586840539,446.89164491061354,81.59443462871056,69.89730841581225,0.3018516008118704,654.439320670568,10.315679975335051,1.8354592004179067,0.05021561562618027
1.8040042173160646,0.037779600062455045,0.6948713586840539,446.8916449006135,81.59443463871055,69.89730841581225,0.30185160110669396,654.4393206556092,10.315679993846608,1.8354592004179067,0.050215615591573115
1.8040042173160646,0.037779600062455045,0.6948713586840539,446.8916449006135,81.59443462871056,69.89730842581224,0.30185160128932587,654.4393206530233,10.315679996550571,1.8354592004179067,0.05021561558408812
1.8040133745685922,0.03769086232628577,0.6949022888736751,446.89183501081834,81.59415088548161,69.897161766006,0.3006984711897183,654.4454608869595,10.266466496344583,1.8354592004179067,0.0503298840479245
1.8040133845685922,0.03769086232628577,0.6949022888736751,446.89183501081834,81.59415088548161,69.897161766006,0.30069846576271825,654.445461681629,10.266468887712428,1.8354592004179067,0.05032988180675231
1.8040133745685922,0.03769087232628577,0.6949022888736751,446.89183501081834,81.59415088548161,69.897161766006,0.3006984680538499,654.4454604065493,10.266472445184737,1.8354592004179067,0.0503298702842761
1.8040133745685922,0.03769086232628577,0.6949022988736752,446.89183501081834,81.59415088548161,69.897161766006,0.3006984868930159,654.4454611844034,10.266467081056918,1.8354592004179067,0.0503298819836812
1.8040133745685922,0.03769086232628577,0.6949022888736751,446.89183502081835,81.59415088548161,69.897161766006,0.3006984722636564,654.4454609037383,10.26646644510566,1.8354592004179067,0.050329884131377095
1.8040133745685922,0.03769086232628577,0.6949022888736751,446.89183501081834,81.5941508954816,69.897161766006,0.30069847170818487,654.4454608866172,10.266466441129978,1.8354592004179067,0.05032988413180819
1.8040133745685922,0.03769086232628577,0.6949022888736751,446.89183501081834,81.59415088548161,69.89716177600599,0.30069847136948435,654.4454608882919,10.266466486477551,1.8354592004179067,0.05032988405654717
1.8040025943658429,0.03769802299659966,0.6948921082247027,446.89182354596676,81.59416769316707,69.89717060191825,0.30068747940227414,654.4439343081815,10.267573624182926,1.8354592004179067,0.05032449815667769
1.8040026043658428,0.03769802299659966,0.6948921082247027,446.89182354596676,81.59416769316707,69.89717060191825,0.3006874750782028,654.4439351105115,10.267576001034532,1.8354592004179067,0.050324495940849936
1.8040025943658429,0.03769803299659966,0.6948921082247027,446.89182354596676,81.59416769316707,69.89717060191825,0.30068748388348604,654.4439338330847,10.267579584609049,1.8354592004179067,0.05032448437938793
1.8040025943658429,0.03769802299659966,0.6948921182247028,446.89182354596676,81.59416769316707,69.89717060191825,0.3006874966625521,654.4439346208667,10.267574058895903,1.8354592004179067,0.05032449633462613
1.8040025943658429,0.03769802299659966,0.6948921082247027,446.89182355596677,81.59416769316707,69.89717060191825,0.30068748059819195,654.4439343297588,10.267573556463114,1.8354592004179067,0.050324498267391375
1.8040025943658429,0.03769802299659966,0.6948921082247027,446.89182354596676,81.59416770316706,69.89717060191825,0.30068748016402647,654.4439343178154,10.267573550727745,1.8354592004179067,0.050324498271070585
1.8040025943658429,0.03769802299659966,0.6948921082247027,446.89182354596676,81.59416769316707,69.89717061191824,0.3006874799636974,654.4439343167002,10.26757358167648,1.8354592004179067,0.050324498218649164
1.8039585205974655,0.0377262925065108,0.6948300162582142,446.8917767850138,81.59423271921688,69.89720415041552,0.30065623691977184,654.437117656466,10.270414462328722,1.8354592004179067,0.05030791962770502
1.8039585305974655,0.0377262925065108,0.6948300162582142,446.8917767850138,81.59423271921688,69.89720415041552,0.3006562311351844,654.4371184535963,10.27041686499142,1.8354592004179067,0.05030791737107207
1.8039585205974655,0.0377263025065108,0.6948300162582142,446.8917767850138,81.59423271921688,69.89720415041552,0.30065626225326314,654.4371171679353,10.270420536651853,1.8354592004179067,0.05030790567652679
1.8039585205974655,0.0377262925065108,0.6948300262582142,446.8917767850138,81.59423271921688,69.89720415041552,0.30065625093716447,654.4371179538431,10.270415106637914,1.8354592004179067,0.05030791747038224
1.8039585205974655,0.0377262925065108,0.6948300162582142,446.8917767950138,81.59423271921688,69.89720415041552,0.3006562371464845,654.4371176708385,10.270414480381767,1.8354592004179067,0.05030791960017349
1.8039585205974655,0.0377262925065108,0.6948300162582142,446.8917767850138,81.59423272921687,69.89720415041552,0.3006562363367179,654.4371176511141,10.270414546366545,1.8354592004179067,0.050307919488749506
1.8039585205974655,0.0377262925065108,0.6948300162582142,446.8917767850138,81.59423271921688,69.89720416041551,0.30065623677877185,654.4371176577379,10.270414495021825,1.8354592004179067,0.05030791956826561
1.8039803094288558,0.037723075401454476,0.694795068558247,446.8917397511523,81.59428963625835,69.89723444059865,0.30058334238930673,654.4378981323553,10.272010240127159,1.8354592004179067,0.050314077022489204
1.8039803194288557,0.037723075401454476,0.694795068558247,446.8917397511523,81.59428963625835,69.89723444059865,0.3005833419807988,654.4378989432566,10.272012526071983,1.8354592004179067,0.05031407495475161
1.8039803094288558,0.03772308540145448,0.694795068558247,446.8917397511523,81.59428963625835,69.89723444059865,0.30058337826529336,654.4378976668532,10.272016032895637,1.8354592004179067,0.05031406352205401
1.8039803094288558,0.037723075401454476,0.6947950785582471,446.8917397511523,81.59428963625835,69.89723444059865,0.3005833587462532,654.4378984413192,10.272010685564943,1.8354592004179067,0.05031407518419326
1.8039803094288558,0.037723075401454476,0.694795068558247,446.8917397611523,81.59428963625835,69.89723444059865,0.3005833438250761,654.4378981647715,10.272010027067344,1.8354592004179067,0.050314077365963245
1.8039803094288558,0.037723075401454476,0.694795068558247,446.8917397511523,81.59428964625835,69.89723444059865,0.3005833426272891,654.4378981384273,10.272010187309377,1.8354592004179067,0.050314077103669405
1.8039803094288558,0.037723075401454476,0.694795068558247,446.8917397511523,81.59428963625835,69.89723445059865,0.30058334287852384,654.4378981434071,10.272010159255283,1.8354592004179067,0.05031407714590167
1.8040674647544168,0.03771020698122918,0.6946552777583784,446.89159161570615,81.59451730442426,69.89735560133118,0.30032695729766923,654.4410240589159,10.278374346943805,1.8354592004179067,0.05033875218705804
1.8040674747544168,0.03771020698122918,0.6946552777583784,446.89159161570615,81.59451730442426,69.89735560133118,0.30032697526196017,654.4410248674642,10.278376666954879,1.8354592004179067,0.05033875006621772
1.8040674647544168,0.03771021698122918,0.6946552777583784,446.89159161570615,81.59451730442426,69.89735560133118,0.30032702787622767,654.4410235823532,10.278380215949637,1.8354592004179067,0.05033873855900471
1.8040674647544168,0.03771020698122918,0.6946552877583785,446.89159161570615,81.59451730442426,69.89735560133118,0.30032697810467857,654.4410243605925,10.278374971440023,1.8354592004179067,0.050338750061666854
1.8040674647544168,0.03771020698122918,0.6946552777583784,446.89159162570616,81.59451730442426,69.89735560133118,0.30032695769643636,654.4410240754074,10.278374322012395,1.8354592004179067,0.050338752228598724
1.8040674647544168,0.03771020698122918,0.6946552777583784,446.89159161570615,81.59451731442425,69.89735560133118,0.30032695730251485,654.4410240628109,10.27837435000046,1.8354592004179067,0.050338752179089674
1.8040674647544168,0.03771020698122918,0.6946552777583784,446.89159161570615,81.59451730442426,69.89735561133118,0.300326957492026,654.4410240531072,10.278374458306521,1.8354592004179067,0.05033875200203725
1.8047132997204645,0.037601695571396795,0.6933522606038385,446.8903280127157,81.59646405419387,69.89839524064621,0.29855197869812,654.4565322712525,10.304668570471767,1.8354592004179067,0.05059137890803621
1.8047133097204644,0.037601695571396795,0.6933522606038385,446.8903280127157,81.59646405419387,69.89839524064621,0.29855207613030826,654.4565330865861,10.304670865161263,1.8354592004179067,0.05059137682997819
1.8047132997204645,0.0376017055713968,0.6933522606038385,446.8903280127157,81.59646405419387,69.89839524064621,0.298552189943622,654.4565318063563,10.304674347190794,1.8354592004179067,0.05059136535591441
1.8047132997204645,0.037601695571396795,0.6933522706038385,446.8903280127157,81.59646405419387,69.89839524064621,0.2985520212040381,654.456532576834,10.304669146697048,1.8354592004179067,0.05059137685359258
1.8047132997204645,0.037601695571396795,0.6933522606038385,446.8903280227157,81.59646405419387,69.89839524064621,0.2985519782897257,654.4565322951813,10.304668518253845,1.8354592004179067,0.05059137899418333
1.8047132997204645,0.037601695571396795,0.6933522606038385,446.8903280127157,81.59646406419387,69.89839524064621,0.29855197948367496,654.4565322744028,10.304668596293478,1.8354592004179067,0.05059137886325977
1.8047132997204645,0.037601695571396795,0.6933522606038385,446.8903280127157,81.59646405419387,69.8983952506462,0.29855197895768104,654.4565322771339,10.304668570953648,1.8354592004179067,0.050591378901012965
1.8060893159546447,0.03737239239677507,0.6901145421458258,446.88731054830237,81.60111576184146,69.9008827870461,0.2952931735642851,654.4762699533434,10.338816886611905,1.8354592004179067,0.05122214961482835
1.8060893259546447,0.03737239239677507,0.6901145421458258,446.88731054830237,81.60111576184146,69.9008827870461,0.295293364626301,654.4762707676149,10.338819026967029,1.8354592004179067,0.05122214778078399
1.8060893159546447,0.03737240239677507,0.6901145421458258,446.88731054830237,81.60111576184146,69.9008827870461,0.29529353356258803,654.4762695300842,10.338822087471716,1.8354592004179067,0.05122213679790545
1.8060893159546447,0.03737239239677507,0.6901145521458258,446.88731054830237,81.60111576184146,69.9008827870461,0.29529323186494183,654.476270261472,10.338817269543968,1.8354592004179067,0.05122214785521764
1.8060893159546447,0.03737239239677507,0.6901145421458258,446.8873105583024,81.60111576184146,69.9008827870461,0.2952931744207804,654.4762699664263,10.338816882831766,1.8354592004179067,0.051222149622156286
1.8060893159546447,0.03737239239677507,0.6901145421458258,446.88731054830237,81.60111577184145,69.9008827870461,0.29529317214036177,654.476269952715,10.338816864983768,1.8354592004179067,0.051222149645789236
1.8060893159546447,0.03737239239677507,0.6901145421458258,446.88731054830237,81.60111576184146,69.9008827970461,0.29529317074469597,654.4762699575771,10.338816836228842,1.8354592004179067,0.05122214968971947
1.8084227883478727,0.037009164671813345,0.6838840456039716,446.88156795870066,81.60996855266332,69.90562149555947,0.29092925399533,654.4892606617933,10.386815474634737,1.8354592004179067,0.05240183353821499
1.8084227983478727,0.037009164671813345,0.6838840456039716,446.88156795870066,81.60996855266332,69.90562149555947,0.29092954564295037,654.4892615006704,10.386817413554095,1.8354592004179067,0.0524018320319452
1.8084227883478727,0.03700917467181335,0.6838840456039716,446.88156795870066,81.60996855266332,69.90562149555947,0.29092980239952804,654.4892602614331,10.386820213701572,1.8354592004179067,0.05240182112334697
1.8084227883478727,0.037009164671813345,0.6838840556039717,446.88156795870066,81.60996855266332,69.90562149555947,0.29092934452279956,654.4892609548822,10.386815955888672,1.8354592004179067,0.052401831591174855
1.8084227883478727,0.037009164671813345,0.6838840456039716,446.88156796870067,81.60996855266332,69.90562149555947,0.29092925677290815,654.4892606722648,10.3868154894496,1.8354592004179067,0.052401833514936706
1.8084227883478727,0.037009164671813345,0.6838840456039716,446.88156795870066,81.60996856266331,69.90562149555947,0.29092925665782066,654.4892606624128,10.38681549877369,1.8354592004179067,0.05240183349530902
1.8084227883478727,0.037009164671813345,0.6838840456039716,446.88156795870066,81.60996855266332,69.90562150555947,0.29092925845805906,654.4892606668378,10.386815511028733,1.8354592004179067,0.05240183347189995
1.8161622867505904,0.035783881496082505,0.6622140080729711,446.8618720961005,81.64033463194345,69.92187743686065,0.3209284098144134,654.545037623346,10.584009576643268,1.8354592004179067,0.056567371457155645
1.8161622967505904,0.035783881496082505,0.6622140080729711,446.8618720961005,81.64033463194345,69.92187743686065,0.3209290640368795,654.5450384831388,10.584011181895148,1.8354592004179067,0.056567370541231586
1.8161622867505904,0.03578389149608251,0.6622140080729711,446.8618720961005,81.64033463194345,69.92187743686065,0.32092950523708264,654.5450372749415,10.584013201597,1.8354592004179067,0.05656735980181987
1.8161622867505904,0.035783881496082505,0.6622140180729712,446.8618720961005,81.64033463194345,69.92187743686065,0.3209285413644879,654.5450379001801,10.584009834391628,1.8354592004179067,0.05656736982669212
1.8161622867505904,0.035783881496082505,0.6622140080729711,446.8618721061005,81.64033463194345,69.92187743686065,0.3209284177178465,654.5450376397811,10.584009592600767,1.8354592004179067,0.05656737143128835
1.8161622867505904,0.035783881496082505,0.6622140080729711,446.8618720961005,81.64033464194344,69.92187743686065,0.3209284140107153,654.5450376226684,10.584009590840722,1.8354592004179067,0.0565673714295427
1.8161622867505904,0.035783881496082505,0.6622140080729711,446.8618720961005,81.64033463194345,69.92187744686065,0.3209284167779534,654.5450376275654,10.584009596967796,1.8354592004179067,0.05656737141496514
1.8103659856686438,0.036701526261625164,0.6784432332050102,446.8766228129763,81.61759272684478,69.90970296181729,0.2896902583602683,654.496832252956,10.424736348865064,1.8354592004179067,0.05344008802697904
1.8103659956686438,0.036701526261625164,0.6784432332050102,446.8766228129763,81.61759272684478,69.90970296181729,0.289690617331532,654.4968331057661,10.424738158300109,1.8354592004179067,0.053440086736623295
1.8103659856686438,0.036701536261625166,0.6784432332050102,446.8766228129763,81.61759272684478,69.90970296181729,0.2896909148399459,654.4968318832056,10.424740644132145,1.8354592004179067,0.05344007605239299
1.8103659856686438,0.036701526261625164,0.6784432432050103,446.8766228129763,81.61759272684478,69.90970296181729,0.28969035397428533,654.4968325475751,10.424736728628593,1.8354592004179067,0.053440086228244636
1.8103659856686438,0.036701526261625164,0.6784432332050102,446.8766228229763,81.61759272684478,69.90970296181729,0.28969025679068766,654.4968322721094,10.42473632439483,1.8354592004179067,0.05344008806953122
1.8103659856686438,0.036701526261625164,0.6784432332050102,446.8766228129763,81.61759273684477,69.90970296181729,0.2896902620650608,654.4968322522901,10.42473637462358,1.8354592004179067,0.053440087979902046
1.8103659856686438,0.036701526261625164,0.6784432332050102,446.8766228129763,81.61759272684478,69.90970297181728,0.28969025594760767,654.4968322631983,10.424736326002101,1.8354592004179067,0.05344008805899721
1.810439012116074,0.036689768342270807,0.6774524700621979,446.8757988110172,81.6188989170855,69.91044268988153,0.28342816477949495,654.4734249282793,10.400420063698682,1.8354592004179067,0.05361336773275046
1.810439022116074,0.036689768342270807,0.6774524700621979,446.8757988110172,81.6188989170855,69.91044268988153,0.2834284485077102,654.4734257755347,10.400421857708848,1.8354592004179067,0.053613366462511705
1.810439012116074,0.03668977834227081,0.6774524700621979,446.8757988110172,81.6188989170855,69.91044268988153,0.2834287201640472,654.4734245639113,10.400424286977586,1.8354592004179067,0.05361335581921541
1.810439012116074,0.036689768342270807,0.6774524800621979,446.8757988110172,81.6188989170855,69.91044268988153,0.28342822945785384,654.4734252293623,10.400420348527076,1.8354592004179067,0.05361336609244503
1.810439012116074,0.036689768342270807,0.6774524700621979,446.8757988210172,81.6188989170855,69.91044268988153,0.2834281672159502,654.4734249474649,10.400420072030816,1.8354592004179067,0.05361336772068434
1.810439012116074,0.036689768342270807,0.6774524700621979,446.8757988110172,81.6188989270855,69.91044268988153,0.2834281699572936,654.4734249325437,10.400420104002952,1.8354592004179067,0.053613367662030925
1.810439012116074,0.036689768342270807,0.6774524700621979,446.8757988110172,81.6188989170855,69.91044269988153,0.2834281615097575,654.4734249375782,10.400420032657218,1.8354592004179067,0.053613367778954604
1.8076919336083113,0.03700785691418541,0.6819032499535536,446.8801907109757,81.61228360871334,69.90711586082045,0.2878391021443928,654.3682326079834,10.171505968581158,1.8354592004179067,0.052863780820753506
1.8076919436083112,0.03700785691418541,0.6819032499535536,446.8801907109757,81.61228360871334,69.90711586082045,0.28783883371147845,654.3682334363198,10.171507855702355,1.8354592004179067,0.052863779343627564
1.8076919336083113,0.03700786691418541,0.6819032499535536,446.8801907109757,81.61228360871334,69.90711586082045,0.28783873664050247,654.3682322440626,10.171510324102277,1.8354592004179067,0.052863768798449014
1.8076919336083113,0.03700785691418541,0.6819032599535536,446.8801907109757,81.61228360871334,69.90711586082045,0.2878390407123318,654.3682328990716,10.171506414311498,1.8354592004179067,0.05286377891489133
1.8076919336083113,0.03700785691418541,0.6819032499535536,446.8801907209757,81.61228360871334,69.90711586082045,0.28783911039530796,654.3682326272176,10.171505875389704,1.8354592004179067,0.052863780980213076
1.8076919336083113,0.03700785691418541,0.6819032499535536,446.8801907109757,81.61228361871333,69.90711586082045,0.2878391023485855,654.3682326038231,10.171505969928225,1.8354592004179067,0.0528637808145144
1.8076919336083113,0.03700785691418541,0.6819032499535536,446.8801907109757,81.61228360871334,69.90711587082045,0.2878390985108061,654.3682326080606,10.171506003484375,1.8354592004179067,0.052863780754494195
1.809252179757435,0.03682719354107555,0.6793753599910127,446.8776962627908,81.6160408764375,69.9090053853523,0.2767914408911342,654.4272893499216,10.30388724990666,1.8354592004179067,0.05328295743247404
1.809252189757435,0.03682719354107555,0.6793753599910127,446.8776962627908,81.6160408764375,69.9090053853523,0.2767914958195796,654.4272901843043,10.303889147095354,1.8354592004179067,0.0532829559672666
1.809252179757435,0.03682720354107555,0.6793753599910127,446.8776962627908,81.6160408764375,69.9090053853523,0.27679161765691107,654.4272889818532,10.303891572879362,1.8354592004179067,0.05328294540321486
1.809252179757435,0.03682719354107555,0.6793753699910128,446.8776962627908,81.6160408764375,69.9090053853523,0.27679146114344616,654.4272896361222,10.303887631027429,1.8354592004179067,0.053282955631170255
1.809252179757435,0.03682719354107555,0.6793753599910127,446.8776962727908,81.6160408764375,69.9090053853523,0.27679143965105263,654.4272893679323,10.30388719982484,1.8354592004179067,0.05328295751826246
1.809252179757435,0.03682719354107555,0.6793753599910127,446.8776962627908,81.61604088643749,69.9090053853523,0.27679144046009896,654.4272893518886,10.303887236672274,1.8354592004179067,0.05328295745153746
1.809252179757435,0.03682719354107555,0.6793753599910127,446.8776962627908,81.6160408764375,69.9090053953523,0.27679144046232307,654.427289354675,10.303887234229045,1.8354592004179067,0.053282957452103444
1.8099091236086717,0.036624473603164724,0.6775687957453609,446.87610575484825,81.6185399529559,69.91038748296549,0.2737755499767398,654.4349750769697,10.280659462943797,1.8354592004179067,0.05374143156328084
1.8099091336086717,0.036624473603164724,0.6775687957453609,446.87610575484825,81.6185399529559,69.91038748296549,0.2737755708521953,654.4349759103114,10.280661303972781,1.8354592004179067,0.05374143018131857
1.8099091236086717,0.036624483603164726,0.6775687957453609,446.87610575484825,81.6185399529559,69.91038748296549,0.27377561973280384,654.4349747235757,10.280663566590414,1.8354592004179067,0.05374141975121676
1.8099091236086717,0.036624473603164724,0.6775688057453609,446.87610575484825,81.6185399529559,69.91038748296549,0.27377556378053364,654.4349753684626,10.280659783840646,1.8354592004179067,0.053741429853227274
1.8099091236086717,0.036624473603164724,0.6775687957453609,446.87610576484826,81.6185399529559,69.91038748296549,0.2737755502639535,654.4349750953639,10.280659452445068,1.8354592004179067,0.05374143158337696
1.8099091236086717,0.036624473603164724,0.6775687957453609,446.87610575484825,81.6185399629559,69.91038748296549,0.27377554989892317,654.4349750787819,10.280659456074718,1.8354592004179067,0.053741431571709054
1.8099091236086717,0.036624473603164724,0.6775687957453609,446.87610575484825,81.6185399529559,69.91038749296548,0.2737755501175387,654.4349750744061,10.280659487358239,1.8354592004179067,0.05374143151459247
1.812554574650756,0.0359608137678311,0.6701057016145177,446.869502753287,81.62883687729475,69.91602344103164,0.2662755037345825,654.459004592907,10.267315033266181,1.8354592004179067,0.05543546498291515
1.812554584650756,0.0359608137678311,0.6701057016145177,446.869502753287,81.62883687729475,69.91602344103164,0.26627553579183255,654.459005448741,10.267316673811713,1.8354592004179067,0.05543546393513702
1.812554574650756,0.0359608237678311,0.6701057016145177,446.869502753287,81.62883687729475,69.91602344103164,0.26627550482692175,654.459004268386,10.267318620859543,1.8354592004179067,0.05543545355390444
1.812554574650756,0.0359608137678311,0.6701057116145177,446.869502753287,81.62883687729475,69.91602344103164,0.26627552104834956,654.4590048768068,10.267315333940314,1.8354592004179067,0.05543546327505556
1.812554574650756,0.0359608137678311,0.6701057016145177,446.869502763287,81.62883687729475,69.91602344103164,0.26627550432764924,654.4590046049831,10.267315051438725,1.8354592004179067,0.05543546495242496
1.812554574650756,0.0359608137678311,0.6701057016145177,446.869502753287,81.62883688729474,69.91602344103164,0.26627550358076707,654.4590045931468,10.267315044549534,1.8354592004179067,0.05543546495998421
1.812554574650756,0.0359608137678311,0.6701057016145177,446.869502753287,81.62883687729475,69.91602345103163,0.2662755039973988,654.4590045953948,10.267315018990294,1.8354592004179067,0.05543546500107693
1.816449472633968,0.035154302130000495,0.6569192069073282,446.8585603700367,81.64613562112959,69.92559250591987,0.25991179401868386,654.4432365049967,10.301052004428888,1.8354592004179067,0.058094375773219485
1.8164494826339679,0.035154302130000495,0.6569192069073282,446.8585603700367,81.64613562112959,69.92559250591987,0.2599118637308918,654.443237364706,10.30105345152678,1.8354592004179067,0.05809437508570428
1.816449472633968,0.0351543121300005,0.6569192069073282,446.8585603700367,81.64613562112959,69.92559250591987,0.2599118975148741,654.4432361943223,10.301055133433824,1.8354592004179067,0.05809436445293801
1.816449472633968,0.035154302130000495,0.6569192169073282,446.8585603700367,81.64613562112959,69.92559250591987,0.25991180702360783,654.4432367723249,10.301052159663994,1.8354592004179067,0.058094374301661145
1.816449472633968,0.035154302130000495,0.6569192069073282,446.8585603800367,81.64613562112959,69.92559250591987,0.25991179297094774,654.443236520363,10.301051938884434,1.8354592004179067,0.0580943758957948
1.816449472633968,0.035154302130000495,0.6569192069073282,446.8585603700367,81.64613563112958,69.92559250591987,0.25991179304189665,654.4432365079324,10.301051965518827,1.8354592004179067,0.05809437584178447
1.816449472633968,0.035154302130000495,0.6569192069073282,446.8585603700367,81.64613562112959,69.92559251591986,0.25991179221424265,654.4432365126595,10.301051925204263,1.8354592004179067,0.05809437591221089
1.8164855712222288,0.035166087892111855,0.6557641295847619,446.85778074477906,81.64745133552437,69.92636746916554,0.25934195042782204,654.414465842652,10.287411585072133,1.8354592004179067,0.058255831907104975
1.8164855812222287,0.035166087892111855,0.6557641295847619,446.85778074477906,81.64745133552437,69.92636746916554,0.2593419645313603,654.4144667066903,10.28741305470331,1.8354592004179067,0.05825583117958297
1.8164855712222288,0.03516609789211186,0.6557641295847619,446.85778074477906,81.64745133552437,69.92636746916554,0.25934202288135133,654.4144655378566,10.287414685621469,1.8354592004179067,0.0582558205988994
1.8164855712222288,0.035166087892111855,0.655764139584762,446.85778074477906,81.64745133552437,69.92636746916554,0.25934195058312953,654.4144661092299,10.287411811007976,1.8354592004179067,0.05825583030791793
1.8164855712222288,0.035166087892111855,0.6557641295847619,446.85778075477907,81.64745133552437,69.92636746916554,0.2593419500713535,654.4144658615895,10.28741157004442,1.8354592004179067,0.05825583193777395
1.8164855712222288,0.035166087892111855,0.6557641295847619,446.85778074477906,81.64745134552436,69.92636746916554,0.2593419507106411,654.41446584289,10.287411618153525,1.8354592004179067,0.05825583184365201
1.8164855712222288,0.035166087892111855,0.6557641295847619,446.85778074477906,81.64745133552437,69.92636747916553,0.2593419502655965,654.414465849804,10.28741158647817,1.8354592004179067,0.05825583189888813
1.8167549139988635,0.035049499549983376,0.6551346597180893,446.857221303841,81.64834856722311,69.92686603360606,0.2590075058784073,654.4239935730619,10.278692340339278,1.8354592004179067,0.05846472963682767
1.8167549239988634,0.035049499549983376,0.6551346597180893,446.857221303841,81.64834856722311,69.92686603360606,0.25900751982361825,654.4239944323367,10.278693817589938,1.8354592004179067,0.058464728891759014
1.8167549139988635,0.03504950954998338,0.6551346597180893,446.857221303841,81.64834856722311,69.92686603360606,0.2590075457488069,654.4239932705333,10.278695393196863,1.8354592004179067,0.058464718351660505
1.8167549139988635,0.035049499549983376,0.6551346697180893,446.857221303841,81.64834856722311,69.92686603360606,0.25900750755592494,654.4239938341605,10.278692555755045,1.8354592004179067,0.05846472805191694
1.8167549139988635,0.035049499549983376,0.6551346597180893,446.857221313841,81.64834856722311,69.92686603360606,0.25900750620204205,654.4239935836868,10.278692404419724,1.8354592004179067,0.0584647295198917
1.8167549139988635,0.035049499549983376,0.6551346597180893,446.857221303841,81.6483485772231,69.92686603360606,0.25900750581727666,654.4239935739859,10.278692349697538,1.8354592004179067,0.05846472961678645
1.8167549139988635,0.035049499549983376,0.6551346597180893,446.857221303841,81.64834856722311,69.92686604360605,0.25900750589024246,654.4239935781235,10.278692369731443,1.8354592004179067,0.058464729576052844
1.8175040921562413,0.03480379302673859,0.6527773362759873,446.85524872910946,81.65150384843278,69.92862526090904,0.2589321504900762,654.432080174883,10.269024752232117,1.8354592004179067,0.059049994993593015
1.8175041021562413,0.03480379302673859,0.6527773362759873,446.85524872910946,81.65150384843278,69.92862526090904,0.25893216214158765,654.4320810386646,10.26902618871023,1.8354592004179067,0.05904999432422765
1.8175040921562413,0.03480380302673859,0.6527773362759873,446.85524872910946,81.65150384843278,69.92862526090904,0.2589321539079711,654.4320798702366,10.269027770414768,1.8354592004179067,0.05904998360473682
1.8175040921562413,0.03480379302673859,0.6527773462759874,446.85524872910946,81.65150384843278,69.92862526090904,0.2589321524035535,654.4320804338158,10.26902495548145,1.8354592004179067,0.059049993425208634
1.8175040921562413,0.03480379302673859,0.6527773362759873,446.85524873910947,81.65150384843278,69.92862526090904,0.2589321504508337,654.4320801869211,10.269024799253298,1.8354592004179067,0.05904999490747169
1.8175040921562413,0.03480379302673859,0.6527773362759873,446.85524872910946,81.65150385843278,69.92862526090904,0.2589321504086869,654.4320801741613,10.269024754351355,1.8354592004179067,0.05904999498748107
1.8175040921562413,0.03480379302673859,0.6527773362759873,446.85524872910946,81.65150384843278,69.92862527090904,0.25893215045454365,654.4320801777681,10.26902475903974,1.8354592004179067,0.05904999497467033
1.817053401187582,0.03491781535525532,0.6541096605374253,446.8563827293573,81.64971223326349,69.9276369236804,0.2588818053915156,654.4258729313135,10.262590834894398,1.8354592004179067,0.05874934007935708
1.817053411187582,0.03491781535525532,0.6541096605374253,446.8563827293573,81.64971223326349,69.9276369236804,0.258881799875579,654.4258737915355,10.26259221752949,1.8354592004179067,0.058749339507072
1.817053401187582,0.034917825355255325,0.6541096605374253,446.8563827293573,81.64971223326349,69.9276369236804,0.25888179459745575,654.425872626694,10.26259382251528,1.8354592004179067,0.05874932882641188
1.817053401187582,0.03491781535525532,0.6541096705374253,446.8563827293573,81.64971223326349,69.9276369236804,0.2588818039876787,654.4258731896737,10.262591048138074,1.8354592004179067,0.05874933849398311
1.817053401187582,0.03491781535525532,0.6541096605374253,446.8563827393573,81.64971223326349,69.9276369236804,0.25888180615717904,654.4258729430835,10.262590795404323,1.8354592004179067,0.05874934015393794
1.817053401187582,0.03491781535525532,0.6541096605374253,446.8563827293573,81.64971224326348,69.9276369236804,0.25888180651956605,654.4258729323003,10.262590749058775,1.8354592004179067,0.05874934023626187
1.817053401187582,0.03491781535525532,0.6541096605374253,446.8563827293573,81.64971223326349,69.92763693368039,0.25888180542570505,654.4258729316136,10.262590834067751,1.8354592004179067,0.058749340073222175
1.8061674886896846,0.03776482438209674,0.687686372044294,446.8846764851218,81.60483441091043,69.90279108829479,0.3091479032525803,654.3888108471004,10.460519602933175,1.8354592004179067,0.05113922803540358
1.8061674986896845,0.03776482438209674,0.687686372044294,446.8846764851218,81.60483441091043,69.90279108829479,0.3091482726663366,654.3888116439524,10.460521855530063,1.8354592004179067,0.05113922606779067
1.8061674886896846,0.03776483438209674,0.687686372044294,446.8846764851218,81.60483441091043,69.90279108829479,0.30914904815180455,654.3888103645626,10.460525322077519,1.8354592004179067,0.051139214518867444
1.8061674886896846,0.03776482438209674,0.687686382044294,446.8846764851218,81.60483441091043,69.90279108829479,0.3091480035789048,654.3888111325804,10.460520168517947,1.8354592004179067,0.05113922600350645
1.8061674886896846,0.03776482438209674,0.687686372044294,446.8846764951218,81.60483441091043,69.90279108829479,0.30914790203318665,654.3888108607207,10.460519599618783,1.8354592004179067,0.05113922804217013
1.8061674886896846,0.03776482438209674,0.687686372044294,446.8846764851218,81.60483442091042,69.90279108829479,0.3091479143659918,654.3888108421784,10.460519661857532,1.8354592004179067,0.05113922793696971
1.8061674886896846,0.03776482438209674,0.687686372044294,446.8846764851218,81.60483441091043,69.90279109829478,0.3091479096239752,654.3888108453143,10.460519636668835,1.8354592004179067,0.051139227974213136
1.8151732878831404,0.03540952420834998,0.659908717073628,446.8612693630369,81.6419613542355,69.92334578265961,0.26033380295924347,654.4088333128342,10.25286443988137,1.8354592004179067,0.05744142296518467
1.8151732978831403,0.03540952420834998,0.659908717073628,446.8612693630369,81.6419613542355,69.92334578265961,0.2603337567403156,654.4088341758032,10.25286591446901,1.8354592004179067,0.05744142221826449
1.8151732878831404,0.03540953420834998,0.659908717073628,446.8612693630369,81.6419613542355,69.92334578265961,0.26033377288933507,654.4088330046256,10.252867678374104,1.8354592004179067,0.057441411608594777
1.8151732878831404,0.03540952420834998,0.659908727073628,446.8612693630369,81.6419613542355,69.92334578265961,0.2603337947721986,654.4088335778064,10.25286465464928,1.8354592004179067,0.057441421390404465
1.8151732878831404,0.03540952420834998,0.659908717073628,446.8612693730369,81.6419613542355,69.92334578265961,0.26033380295605413,654.4088333258368,10.252864434101772,1.8354592004179067,0.05744142297770932
1.8151732878831404,0.03540952420834998,0.659908717073628,446.8612693630369,81.6419613642355,69.92334578265961,0.26033380213737556,654.4088333116028,10.252864473629666,1.8354592004179067,0.057441422900228134
1.8151732878831404,0.03540952420834998,0.659908717073628,446.8612693630369,81.6419613542355,69.9233457926596,0.2603338029480918,654.4088333134835,10.252864440592674,1.8354592004179067,0.05744142295697846
1.8167730329580742,0.03499114047893258,0.6549744335327705,446.8571114390737,81.64855639854594,69.92699701564521,0.25893945096540916,654.4230029361506,10.260481021904965,1.8354592004179067,0.058553876951508106
1.8167730429580742,0.03499114047893258,0.6549744335327705,446.8571114390737,81.64855639854594,69.92699701564521,0.258939436448309,654.4230037962623,10.260482523780006,1.8354592004179067,0.05855387615677314
1.8167730329580742,0.03499115047893258,0.6549744335327705,446.8571114390737,81.64855639854594,69.92699701564521,0.25893943441520073,654.423002629051,10.260484135278313,1.8354592004179067,0.05855386551761127
1.8167730329580742,0.03499114047893258,0.6549744435327706,446.8571114390737,81.64855639854594,69.92699701564521,0.2589394476179223,654.4230031958031,10.260481277962434,1.8354592004179067,0.058553875288899125
1.8167730329580742,0.03499114047893258,0.6549744335327705,446.8571114490737,81.64855639854594,69.92699701564521,0.25893945069012286,654.4230029504816,10.260481046182168,1.8354592004179067,0.05855387690827486
1.8167730329580742,0.03499114047893258,0.6549744335327705,446.8571114390737,81.64855640854593,69.92699701564521,0.25893945012134406,654.423002931701,10.260481074455628,1.8354592004179067,0.058553876850384656
1.8167730329580742,0.03499114047893258,0.6549744335327705,446.8571114390737,81.64855639854594,69.9269970256452,0.25893945051459444,654.4230029357582,10.26048105182656,1.8354592004179067,0.058553876888626594
1.816989596525536,0.03493450228424124,0.6543064608268565,446.85654856511286,81.64944919474566,69.92749129692376,0.2588894541552056,654.4252099632339,10.262089351737135,1.8354592004179067,0.05870484781657816
1.816989606525536,0.03493450228424124,0.6543064608268565,446.85654856511286,81.64944919474566,69.92749129692376,0.2588894460330231,654.4252108268389,10.26209079681669,1.8354592004179067,0.05870484712823452
1.816989596525536,0.03493451228424124,0.6543064608268565,446.85654856511286,81.64944919474566,69.92749129692376,0.258889441860931,654.4252096632438,10.262092375466978,1.8354592004179067,0.05870483650959928
1.816989596525536,0.03493450228424124,0.6543064708268566,446.85654856511286,81.64944919474566,69.92749129692376,0.2588894515841563,654.425210227295,10.262089620214995,1.8354592004179067,0.05870484612973873
1.816989596525536,0.03493450228424124,0.6543064608268565,446.85654857511287,81.64944919474566,69.92749129692376,0.25888945397060226,654.4252099802178,10.262089373349662,1.8354592004179067,0.058704847778437944
1.816989596525536,0.03493450228424124,0.6543064608268565,446.85654856511286,81.64944920474565,69.92749129692376,0.2588894538460381,654.4252099695486,10.262089362687446,1.8354592004179067,0.05870484779438405
1.816989596525536,0.03493450228424124,0.6543064608268565,446.85654856511286,81.64944919474566,69.92749130692376,0.2588894531371596,654.4252099660965,10.262089420870621,1.8354592004179067,0.05870484768060107
1.8170395500288394,0.03492143786958105,0.6541523833097445,446.8564187301337,81.64965513103695,69.92760531001365,0.2588831876234178,654.4257285203043,10.26248085946808,1.8354592004179067,0.05873968098396498
1.8170395600288394,0.03492143786958105,0.6541523833097445,446.8564187301337,81.64965513103695,69.92760531001365,0.2588831796771826,654.4257293756652,10.262482392368316,1.8354592004179067,0.05873968013117826
1.8170395500288394,0.034921447869581054,0.6541523833097445,446.8564187301337,81.64965513103695,69.92760531001365,0.2588831762952425,654.4257282144076,10.262483871686477,1.8354592004179067,0.05873966968849128
1.8170395500288394,0.03492143786958105,0.6541523933097445,446.8564187301337,81.64965513103695,69.92760531001365,0.2588831859569456,654.4257287795084,10.262481086064795,1.8354592004179067,0.05873967937384028
1.8170395500288394,0.03492143786958105,0.6541523833097445,446.85641874013373,81.64965513103695,69.92760531001365,0.25888318654897435,654.4257285323631,10.262480949687147,1.8354592004179067,0.05873968081723783
1.8170395500288394,0.03492143786958105,0.6541523833097445,446.8564187301337,81.64965514103694,69.92760531001365,0.25888318688530587,654.4257285141413,10.262480912193455,1.8354592004179067,0.05873968088214037
1.8170395500288394,0.03492143786958105,0.6541523833097445,446.8564187301337,81.64965513103695,69.92760532001364,0.2588831874626043,654.4257285186511,10.262480874107645,1.8354592004179067,0.058739680949212024
1.8170500960419445,0.03491867975495237,0.6541198549902636,446.8563913198161,81.64969860760382,69.927629380068,0.2588821209762599,654.4258384446406,10.262564551237611,1.8354592004179067,0.05874703519038907
1.8170501060419444,0.03491867975495237,0.6541198549902636,446.8563913198161,81.64969860760382,69.927629380068,0.25888211489873914,654.4258393100317,10.262565963141753,1.8354592004179067,0.05874703456463403
1.8170500960419445,0.034918689754952374,0.6541198549902636,446.8563913198161,81.64969860760382,69.927629380068,0.2588821103682184,654.4258381458379,10.262567517197008,1.8354592004179067,0.05874702398030855
1.8170500960419445,0.03491867975495237,0.6541198649902636,446.8563913198161,81.64969860760382,69.927629380068,0.2588821199511819,654.4258387083088,10.2625647319345,1.8354592004179067,0.05874703366690748
1.8170500960419445,0.03491867975495237,0.6541198549902636,446.8563913298161,81.64969860760382,69.927629380068,0.25888212120068355,654.4258384601458,10.262564546960407,1.8354592004179067,0.058747035200581624
1.8170500960419445,0.03491867975495237,0.6541198549902636,446.8563913198161,81.64969861760382,69.927629380068,0.2588821212010907,654.4258384467419,10.262564528702926,1.8354592004179067,0.05874703523012079
1.8170500960419445,0.03491867975495237,0.6541198549902636,446.8563913198161,81.64969860760382,69.92762939006799,0.2588821212285942,654.4258384503726,10.262564530226147,1.8354592004179067,0.058747035223396665
1.8170526851369904,0.03491800262504081,0.6541118691372231,446.85638459045623,81.6497092813023,69.92763528937779,0.2588818735732087,654.4258654556564,10.262585100324896,1.8354592004179067,0.05874884079952474
1.8170526951369903,0.03491800262504081,0.6541118691372231,446.85638459045623,81.6497092813023,69.92763528937779,0.25888186679558217,654.4258663211538,10.262586566760659,1.8354592004179067,0.058748840072406
1.8170526851369904,0.03491801262504081,0.6541118691372231,446.85638459045623,81.6497092813023,69.92763528937779,0.2588818614566546,654.4258651528952,10.262588179614681,1.8354592004179067,0.058748829376944374
1.8170526851369904,0.03491800262504081,0.6541118791372231,446.85638459045623,81.6497092813023,69.92763528937779,0.25888187310193467,654.4258657214306,10.262585240639677,1.8354592004179067,0.05874883935131674
1.8170526851369904,0.03491800262504081,0.6541118691372231,446.85638460045624,81.6497092813023,69.92763528937779,0.25888187335179524,654.425865472013,10.262585127041211,1.8354592004179067,0.05874884075185122
1.8170526851369904,0.03491800262504081,0.6541118691372231,446.85638459045623,81.64970929130229,69.92763528937779,0.25888187322196254,654.4258654604612,10.26258511637505,1.8354592004179067,0.05874884076758908
1.8170526851369904,0.03491800262504081,0.6541118691372231,446.85638459045623,81.6497092813023,69.92763529937778,0.2588818734263288,654.4258654604067,10.26258510852324,1.8354592004179067,0.05874884077763027
1.8170531723785195,0.034917875196032705,0.6541103662803645,446.8563833240587,81.64971128998451,69.92763640145019,0.2588818273134542,654.4258705410166,10.262588990699813,1.8354592004179067,0.05874918055834857
1.8170531823785194,0.034917875196032705,0.6541103662803645,446.8563833240587,81.64971128998451,69.92763640145019,0.2588818213686827,654.4258714053657,10.262590399836009,1.8354592004179067,0.058749179938028764
1.8170531723785195,0.03491788519603271,0.6541103662803645,446.8563833240587,81.64971128998451,69.92763640145019,0.25888181596019877,654.4258702405308,10.262592014274773,1.8354592004179067,0.05874916924016467
1.8170531723785195,0.034917875196032705,0.6541103762803645,446.8563833240587,81.64971128998451,69.92763640145019,0.2588818253595505,654.4258708015607,10.262589241093586,1.8354592004179067,0.058749178904789305
1.8170531723785195,0.034917875196032705,0.6541103662803645,446.8563833340587,81.64971128998451,69.92763640145019,0.25888182690388617,654.4258705535639,10.262589034102074,1.8354592004179067,0.058749180479719755
1.8170531723785195,0.034917875196032705,0.6541103662803645,446.8563833240587,81.6497112999845,69.92763640145019,0.2588818267052773,654.4258705400539,10.262589030008535,1.8354592004179067,0.0587491804830731
1.8170531723785195,0.034917875196032705,0.6541103662803645,446.8563833240587,81.64971128998451,69.92763641145018,0.2588818269239824,654.425870541338,10.262589019978739,1.8354592004179067,0.05874918049717972
1.8170533514133707,0.03491782837277949,0.654109814061931,446.85638285872625,81.64971202806633,69.92763681007652,0.2588818104745268,654.4258724111537,10.262590411256186,1.8354592004179067,0.058749305419745185
1.8170533614133706,0.03491782837277949,0.654109814061931,446.85638285872625,81.64971202806633,69.92763681007652,0.25888180447805853,654.425873272716,10.26259182681178,1.8354592004179067,0.058749304786602126
1.8170533514133707,0.034917838372779494,0.654109814061931,446.85638285872625,81.64971202806633,69.92763681007652,0.2588817996998872,654.4258721118797,10.262593392819374,1.8354592004179067,0.058749294179798614
1.8170533514133707,0.03491782837277949,0.6541098240619311,446.85638285872625,81.64971202806633,69.92763681007652,0.25888180972261643,654.425872674088,10.262590574173496,1.8354592004179067,0.0587493039287646
1.8170533514133707,0.03491782837277949,0.654109814061931,446.85638286872626,81.64971202806633,69.92763681007652,0.2588818106235953,654.4258724224152,10.262590416051326,1.8354592004179067,0.05874930541223823
1.8170533514133707,0.03491782837277949,0.654109814061931,446.85638285872625,81.64971203806633,69.92763681007652,0.25888181071634514,654.4258724126414,10.26259038800883,1.8354592004179067,0.05874930546004896
1.8170533514133707,0.03491782837277949,0.654109814061931,446.85638285872625,81.64971202806633,69.92763682007651,0.2588818098186786,654.4258724115194,10.262590459440693,1.8354592004179067,0.05874930532245888
1.8170533879046682,0.03491781882915574,0.6541097015074928,446.85638276388113,81.64971217850388,69.92763689336368,0.2588818070863143,654.425872794691,10.262590695875648,1.8354592004179067,0.05874933087841686
1.8170533979046681,0.03491781882915574,0.6541097015074928,446.85638276388113,81.64971217850388,69.92763689336368,0.2588817999836781,654.4258736514939,10.262592194278781,1.8354592004179067,0.05874933008996045
1.8170533879046682,0.03491782882915574,0.6541097015074928,446.85638276388113,81.64971217850388,69.92763689336368,0.258881795521556,654.4258724896757,10.26259373863411,1.8354592004179067,0.058749319523464606
1.8170533879046682,0.03491781882915574,0.6541097115074929,446.85638276388113,81.64971217850388,69.92763689336368,0.25888180656519943,654.4258730553764,10.262590844335085,1.8354592004179067,0.05874932941421315
1.8170533879046682,0.03491781882915574,0.6541097015074928,446.85638277388114,81.64971217850388,69.92763689336368,0.2588818067391989,654.4258728056632,10.262590736205853,1.8354592004179067,0.05874933080478357
1.8170533879046682,0.03491781882915574,0.6541097015074928,446.85638276388113,81.64971218850387,69.92763689336368,0.2588818065851217,654.4258727935129,10.262590727766538,1.8354592004179067,0.058749330815758484
1.8170533879046682,0.03491781882915574,0.6541097015074928,446.85638276388113,81.64971217850388,69.92763690336368,0.2588818070697484,654.4258727950509,10.262590698607376,1.8354592004179067,0.058749330866461
1.8170533973014824,0.03491781637159279,0.6541096725237834,446.85638273945773,81.64971221724281,69.92763691481082,0.25888180604391164,654.4258728890851,10.262590785038256,1.8354592004179067,0.05874933740384546
1.8170534073014823,0.03491781637159279,0.6541096725237834,446.85638273945773,81.64971221724281,69.92763691481082,0.2588817998791825,654.4258737494101,10.262592213716083,1.8354592004179067,0.058749336746174934
1.8170533973014824,0.03491782637159279,0.6541096725237834,446.85638273945773,81.64971221724281,69.92763691481082,0.2588817950890633,654.4258725881506,10.262593780903616,1.8354592004179067,0.05874932613719953
1.8170533973014824,0.03491781637159279,0.6541096825237834,446.85638273945773,81.64971221724281,69.92763691481082,0.25888180498861835,654.425873150641,10.262590970735225,1.8354592004179067,0.05874933587082445
1.8170533973014824,0.03491781637159279,0.6541096725237834,446.85638274945774,81.64971221724281,69.92763691481082,0.2588818063925067,654.4258729044396,10.26259077211047,1.8354592004179067,0.058749337430242306
1.8170533973014824,0.03491781637159279,0.6541096725237834,446.85638273945773,81.6497122272428,69.92763691481082,0.258881806144341,654.4258728899675,10.262590772367835,1.8354592004179067,0.05874933742491242
1.8170533973014824,0.03491781637159279,0.6541096725237834,446.85638273945773,81.64971221724281,69.92763692481081,0.2588818058284963,654.4258728903611,10.262590801119043,1.8354592004179067,0.05874933736743209
1.8170534003932666,0.03491781556299383,0.6541096629874266,446.8563827314218,81.64971222998888,69.92763692186746,0.2588818055797535,654.4258729180065,10.26259082483934,1.8354592004179067,0.058749339531107614
1.8170534103932665,0.03491781556299383,0.6541096629874266,446.8563827314218,81.64971222998888,69.92763692186746,0.2588817994510411,654.4258737859858,10.26259224435117,1.8354592004179067,0.05874933889222584
1.8170534003932666,0.03491782556299383,0.6541096629874266,446.8563827314218,81.64971222998888,69.92763692186746,0.25888179490880003,654.4258726200079,10.262593797982335,1.8354592004179067,0.05874932830727799
1.8170534003932666,0.03491781556299383,0.6541096729874266,446.8563827314218,81.64971222998888,69.92763692186746,0.2588818043782689,654.4258731839528,10.262591017140242,1.8354592004179067,0.058749337986608724
1.8170534003932666,0.03491781556299383,0.6541096629874266,446.8563827414218,81.64971222998888,69.92763692186746,0.2588818063054414,654.4258729357754,10.26259078301095,1.8354592004179067,0.058749339612122656
1.8170534003932666,0.03491781556299383,0.6541096629874266,446.8563827314218,81.64971223998887,69.92763692186746,0.25888180536653294,654.4258729247766,10.26259082938694,1.8354592004179067,0.05874933952112573
1.8170534003932666,0.03491781556299383,0.6541096629874266,446.8563827314218,81.64971222998888,69.92763693186745,0.258881805750215,654.4258729224821,10.262590810715835,1.8354592004179067,0.05874933955106483
1.8170534010414399,0.034917815393476104,0.6541096609881889,446.8563827297371,81.649712232661,69.92763692334684,0.2588818050017573,654.4258729279912,10.262590863978165,1.8354592004179067,0.05874933992073275
1.8170534110414398,0.034917815393476104,0.6541096609881889,446.8563827297371,81.649712232661,69.92763692334684,0.2588817995832222,654.4258737915159,10.26259223683621,1.8354592004179067,0.05874933936731292
1.8170534010414399,0.034917825393476105,0.6541096609881889,446.8563827297371,81.649712232661,69.92763692334684,0.25888179460559013,654.4258726283598,10.262593818995278,1.8354592004179067,0.05874932872991342
1.8170534010414399,0.034917815393476104,0.654109670988189,446.8563827297371,81.649712232661,69.92763692334684,0.2588818042828872,654.4258731895922,10.26259102571372,1.8354592004179067,0.058749338431760514
1.8170534010414399,0.034917815393476104,0.6541096609881889,446.8563827397371,81.649712232661,69.92763692334684,0.25888180568190006,654.4258729435854,10.262590827266532,1.8354592004179067,0.058749339991111094
1.8170534010414399,0.034917815393476104,0.6541096609881889,446.8563827297371,81.649712242661,69.92763692334684,0.2588818056260952,654.425872929518,10.262590813495459,1.8354592004179067,0.0587493400122028
1.8170534010414399,0.034917815393476104,0.6541096609881889,446.8563827297371,81.649712232661,69.92763693334683,0.25888180609554184,654.4258729307719,10.262590785660649,1.8354592004179067,0.058749340060054625
