1.8,0.01,0.7,493.8271604938272,81.5028287841191,69.84836656005724,-80.3018499597988,721.9240163300655,4.770281049071006,0.7881447710417261,0.09179783126656345,4.517155570215371
1.80000001,0.01,0.7,493.8271604938272,81.5028287841191,69.84836656005724,-80.30175800904435,721.9240173160248,4.770281618145534,0.7881447710417261,0.09179783109651601,4.51715565767754
1.8,0.01000001,0.7,493.8271604938272,81.5028287841191,69.84836656005724,-80.3018293794847,721.924016138188,4.770282771601619,0.7881447710417261,0.09179782946375002,4.517152933398598
1.8,0.01,0.70000001,493.8271604938272,81.5028287841191,69.84836656005724,-80.30182434195828,721.9240165744822,4.770281087308024,0.7881447710417261,0.09179783003067007,4.517155484859096
1.8,0.01,0.7,493.8271605038272,81.5028287841191,69.84836656005724,-80.30184938307832,721.9240163444155,4.770281062014767,0.7881447710417261,0.09179783114904567,4.517155574922942
1.8,0.01,0.7,493.8271604938272,81.5028287941191,69.84836656005724,-80.30184978943294,721.9240163314574,4.7702810545408205,0.7881447710417261,0.09179783120572521,4.5171555732762405
1.8,0.01,0.7,493.8271604938272,81.5028287841191,69.84836657005724,-80.30184970956805,721.9240163351951,4.770281055782117,0.7881447710417261,0.09179783115689522,4.517155577072258
1.0,0.001,0.4,493.826319608666,74.4875794264678,62.56958922931893,1445979.2270915795,682.4765183759143,22.592918170614894,2.1103342305016277e-09,0.03429796109752377,0.9994994415444589
1.00000001,0.001,0.4,493.826319608666,74.4875794264678,62.56958922931893,1445983.1994542172,682.4766585631446,22.59291817061081,2.1171152130026096e-09,0.03429795933465406,0.999499436165194
1.0,0.00100001,0.4,493.826319608666,74.4875794264678,62.56958922931893,1445964.769892491,682.4763234298543,22.59291817062267,2.1005657122539717e-09,0.034297961547418834,0.9994994362200496
1.0,0.001,0.40000001,493.826319608666,74.4875794264678,62.56958922931893,1445979.2051708724,682.4766281807795,22.592918170611206,2.1159500042576817e-09,0.034297961108512465,0.9994994417229797
1.0,0.001,0.4,493.826319618666,74.4875794264678,62.56958922931893,1445979.2201696108,682.4767568605157,22.592918170606758,2.1225876342827944e-09,0.034297961123989675,0.9994994419630218
1.0,0.001,0.4,493.826319608666,74.4875794364678,62.56958922931893,1445979.232686699,682.476555218219,22.592918170613682,2.11226192659636e-09,0.034297961101579726,0.999499441609854
1.0,0.001,0.4,493.826319608666,74.4875794264678,62.56958923931893,1445979.22319421,682.4766672037512,22.59291817060966,2.1179294097567907e-09,0.03429796111402717,0.9994994418043776
1.7999890878434492,0.009999877238238803,0.6999959079412934,493.8271604823573,81.50273309474505,69.84826727611008,-80.41673944026684,721.922797233152,4.769613202736573,0.7881447710417261,0.0917988099846973,4.517108069303291
1.7999890978434492,0.009999877238238803,0.6999959079412934,493.8271604823573,81.50273309474505,69.84826727611008,-80.41664732769638,721.9227982189361,4.769613769252555,0.7881447710417261,0.091798809856531,4.51710815400595
1.7999890878434492,0.009999887238238803,0.6999959079412934,493.8271604823573,81.50273309474505,69.84826727611008,-80.41671882385266,721.9227970408629,4.769614923174491,0.7881447710417261,0.0917988082152831,4.517105430222731
1.7999890878434492,0.009999877238238803,0.6999959179412935,493.8271604823573,81.50273309474505,69.84826727611008,-80.41671380245067,721.9227974775624,4.769613234899397,0.7881447710417261,0.09179880878099156,4.517107984257488
1.7999890878434492,0.009999877238238803,0.6999959079412934,493.82716049235734,81.50273309474505,69.84826727611008,-80.41673882501436,721.9227972466886,4.769613201034299,0.7881447710417261,0.09179881001214657,4.517108067921511
1.7999890878434492,0.009999877238238803,0.6999959079412934,493.8271604823573,81.50273310474505,69.84826727611008,-80.41673931063512,721.9227972346491,4.769613205895376,0.7881447710417261,0.09179880992868672,4.517108073201125
1.7999890878434492,0.009999877238238803,0.6999959079412934,493.8271604823573,81.50273309474505,69.84826728611007,-80.41673920775796,721.9227972360985,4.769613205929946,0.7881447710417261,0.0917988099828241,4.517108067355276
1.3999945439217245,0.005499938619119402,0.5499979539706468,493.82674004551166,77.99515626060644,66.2089282527145,13494.807168734698,688.4114029037269,22.592918170958292,6.247139266269769e-13,0.011404865388288672,1.0546658748551399
1.3999945539217244,0.005499938619119402,0.5499979539706468,493.82674004551166,77.99515626060644,66.2089282527145,13494.795807608962,688.4114023347211,22.592918170958292,6.247183244630427e-13,0.011404866591422126,1.0546658979739527
1.3999945439217245,0.005499948619119402,0.5499979539706468,493.82674004551166,77.99515626060644,66.2089282527145,13494.798794744049,688.4114065207644,22.592918170958292,6.247081911996132e-13,0.011404865955820891,1.0546658498028187
1.3999945439217245,0.005499938619119402,0.5499979639706468,493.82674004551166,77.99515626060644,66.2089282527145,13494.804458969209,688.4114029524164,22.592918170958292,6.247155585085769e-13,0.011404865479814372,1.054665877731885
1.3999945439217245,0.005499938619119402,0.5499979539706468,493.82674005551166,77.99515626060644,66.2089282527145,13494.80711312396,688.4114029004451,22.592918170958292,6.247125887410411e-13,0.011404865388976634,1.0546658747850703
1.3999945439217245,0.005499938619119402,0.5499979539706468,493.82674004551166,77.99515627060643,66.2089282527145,13494.807149640737,688.4114028353862,22.592918170958292,6.247116551033112e-13,0.011404865385046347,1.054665875202549
1.3999945439217245,0.005499938619119402,0.5499979539706468,493.82674004551166,77.99515626060644,66.2089282627145,13494.807190912676,688.4114029158372,22.592918170958292,6.247148898693652e-13,0.011404865387401139,1.054665874988452
1.647148423737292,0.008280419767044533,0.6426806589014844,493.82699983054925,80.16246388137792,68.45765082472147,86.91582857537696,709.7879229328322,22.592918170958292,1.154979587034984e-20,0.06274219294774702,1.4382759655836574
1.647148433737292,0.008280419767044533,0.6426806589014844,493.82699983054925,80.16246388137792,68.45765082472147,86.91581701064935,709.7879239165603,22.592918170958292,1.1549844768484696e-20,0.06274219494299853,1.4382760125180751
1.647148423737292,0.008280429767044533,0.6426806589014844,493.82699983054925,80.16246388137792,68.45765082472147,86.9158244495197,709.7879240631754,22.592918170958292,1.1549695023850831e-20,0.06274219227314003,1.438275934488194
1.647148423737292,0.008280419767044533,0.6426806689014845,493.82699983054925,80.16246388137792,68.45765082472147,86.91582528165699,709.7879232136947,22.592918170958292,1.1549525616415169e-20,0.06274219304331428,1.4382759550909057
1.647148423737292,0.008280419767044533,0.6426806589014844,493.82699984054926,80.16246388137792,68.45765082472147,86.91582689395494,709.7879229430032,22.592918170958292,1.1549681759253317e-20,0.06274219295623334,1.4382759652048542
1.647148423737292,0.008280419767044533,0.6426806589014844,493.82699983054925,80.16246389137791,68.45765082472147,86.91582708374678,709.7879229343439,22.592918170958292,1.1549763992184837e-20,0.06274219293520038,1.4382759659871909
1.647148423737292,0.008280419767044533,0.6426806589014844,493.82699983054925,80.16246388137792,68.45765083472146,86.91582844783369,709.7879229344131,22.592918170958292,1.154976172090638e-20,0.06274219292248812,1.4382759666201237
1.7525984531446033,0.009466732597876787,0.6822244199292262,493.8271106697555,81.08716169520785,69.417084929191,52.04676915360044,718.9540960371172,3.3110944951718495,0.24998820408784683,0.09083789404599378,3.791680629839787
1.7525984631446032,0.009466732597876787,0.6822244199292262,493.8271106697555,81.08716169520785,69.417084929191,52.04677714084493,718.9540962813387,3.31109318159261,0.24998843282367325,0.09083789851297132,3.7916814541302175
1.7525984531446033,0.009466742597876786,0.6822244199292262,493.8271106697555,81.08716169520785,69.417084929191,52.046775402173864,718.9540961111597,3.3110960286128113,0.249988205177342,0.09083789023433395,3.7916793148107737
1.7525984531446033,0.009466732597876787,0.6822244299292263,493.8271106697555,81.08716169520785,69.417084929191,52.04677321480602,718.9540960683127,3.311094169337529,0.24998826498075813,0.09083789380606105,3.7916807084248365
1.7525984531446033,0.009466732597876787,0.6822244199292262,493.8271106797555,81.08716169520785,69.417084929191,52.04676930899515,718.954096044748,3.3110944403026714,0.24998820984888756,0.09083789414129642,3.7916806515748163
1.7525984531446033,0.009466732597876787,0.6822244199292262,493.8271106697555,81.08716170520785,69.417084929191,52.046769189828986,718.9540960387171,3.311094482191948,0.24998820475647152,0.09083789400389047,3.791680642049942
1.7525984531446033,0.009466732597876787,0.6822244199292262,493.8271106697555,81.08716169520785,69.417084939191,52.046769178301275,718.9540960269975,3.311094507382719,0.2499882139085168,0.09083789395471759,3.7916806272656736
1.7900348729229616,0.009887892320383318,0.6962630773461106,493.82715001941784,81.41544396996147,69.7576991337244,-5722.563736739102,720.8898158778187,4.150779115242741,0.7881447710417261,0.09264180613052912,4.473761559236972
1.7900348829229615,0.009887892320383318,0.6962630773461106,493.82715001941784,81.41544396996147,69.7576991337244,-5722.3024533441785,720.8898167311995,4.150779657025374,0.7881447710417261,0.09264180624628908,4.47376165490479
1.7900348729229616,0.009887902320383318,0.6962630773461106,493.82715001941784,81.41544396996147,69.7576991337244,-5722.437419222181,720.8898157358136,4.150780594190245,0.7881447710417261,0.09264180407339635,4.473758954501841
1.7900348729229616,0.009887892320383318,0.6962630873461106,493.82715001941784,81.41544396996147,69.7576991337244,-5722.473929688102,720.8898160777636,4.150779141800207,0.7881447710417261,0.09264180501692743,4.473761481716078
1.7900348729229616,0.009887892320383318,0.6962630773461106,493.82715002941785,81.41544396996147,69.7576991337244,-5722.562079841025,720.889815890701,4.150779117591172,0.7881447710417261,0.09264180614540654,4.473761557007849
1.7900348729229616,0.009887892320383318,0.6962630773461106,493.82715001941784,81.41544397996147,69.7576991337244,-5722.563347970642,720.889815877999,4.150779107459949,0.7881447710417261,0.09264180618201562,4.473761559181284
1.7900348729229616,0.009887892320383318,0.6962630773461106,493.82715001941784,81.41544396996147,69.7576991437244,-5722.563036754891,720.8898158817051,4.150779103437969,0.7881447710417261,0.09264180614189556,4.473761565819033
1.777680757174513,0.009748908518213271,0.6916302839404423,493.82713703392704,81.30710996675066,69.64529556166049,113.8321603354998,719.8392356164554,3.3839409288141074,0.7881447710417261,0.09347276701356612,4.399128427715246
1.777680767174513,0.009748908518213271,0.6916302839404423,493.82713703392704,81.30710996675066,69.64529556166049,113.83222127238847,719.8392363011584,3.38394142656068,0.7881447710417261,0.09347276735791657,4.39912858052848
1.777680757174513,0.009748918518213271,0.6916302839404423,493.82713703392704,81.30710996675066,69.64529556166049,113.83220262357807,719.8392355304153,3.383942112553404,0.7881447710417261,0.09347276474065105,4.399125886629524
1.777680757174513,0.009748908518213271,0.6916302939404424,493.82713703392704,81.30710996675066,69.64529556166049,113.83218620493409,719.8392357652342,3.3839409861890153,0.7881447710417261,0.09347276573158125,4.3991283680679585
1.777680757174513,0.009748908518213271,0.6916302839404423,493.82713704392705,81.30710996675066,69.64529556166049,113.832160759664,719.8392356281944,3.383940933711732,0.7881447710417261,0.09347276703727037,4.399128423595958
1.777680757174513,0.009748908518213271,0.6916302839404423,493.82713703392704,81.30710997675065,69.64529556166049,113.83216041876746,719.8392356180277,3.3839409375815745,0.7881447710417261,0.09347276692953574,4.399128430318221
1.777680757174513,0.009748908518213271,0.6916302839404423,493.82713703392704,81.30710996675066,69.64529557166048,113.83216048577123,719.8392356170893,3.3839409438935237,0.7881447710417261,0.0934727669863347,4.399128418567088
1.7860405872280285,0.00984295660631532,0.6947652202105106,493.8271458209984,81.3804178322669,69.72135723851343,308.90826894701854,720.5170518867151,3.895709313174776,0.7881447710417261,0.09299124862071034,4.452997011004881
1.7860405972280284,0.00984295660631532,0.6947652202105106,493.8271458209984,81.3804178322669,69.72135723851343,308.9088989053139,720.5170526828575,3.8957099304991614,0.7881447710417261,0.09299124847401387,4.452997088974939
1.7860405872280285,0.00984296660631532,0.6947652202105106,493.8271458209984,81.3804178322669,69.72135723851343,308.9086249827769,720.5170517763452,3.895710710577741,0.7881447710417261,0.09299124627465405,4.452994429064267
1.7860405872280285,0.00984295660631532,0.6947652302105106,493.8271458209984,81.3804178322669,69.72135723851343,308.9085023245024,720.517052068041,3.8957093687254445,0.7881447710417261,0.0929912474080849,4.452996929325643
1.7860405872280285,0.00984295660631532,0.6947652202105106,493.8271458309984,81.3804178322669,69.72135723851343,308.90827301121067,720.5170518993119,3.8957093198978945,0.7881447710417261,0.0929912486412504,4.452997005120309
1.7860405872280285,0.00984295660631532,0.6947652202105106,493.8271458209984,81.3804178422669,69.72135723851343,308.9082698706887,720.5170518862305,3.8957093233166704,0.7881447710417261,0.09299124860876662,4.4529970051245025
1.7860405872280285,0.00984295660631532,0.6947652202105106,493.8271458209984,81.3804178322669,69.72135724851343,308.90827067991984,720.5170518873751,3.8957093189276333,0.7881447710417261,0.09299124869915139,4.452996998204271
1.7888243869622953,0.009874274353325822,0.6958091451108607,493.82714874706824,81.40482914388896,69.74668556151231,1080.6480972753127,720.774252868563,4.076738485348182,0.7881447710417261,0.09273537031795774,4.466869750988604
1.7888243969622952,0.009874274353325822,0.6958091451108607,493.82714874706824,81.40482914388896,69.74668556151231,1080.6568773708123,720.7742537098201,4.076739042990724,0.7881447710417261,0.09273537029804196,4.466869852822888
1.7888243869622953,0.009874284353325822,0.6958091451108607,493.82714874706824,81.40482914388896,69.74668556151231,1080.6525706377406,720.7742527339086,4.076739935374162,0.7881447710417261,0.09273536824758812,4.466867150249408
1.7888243869622953,0.009874274353325822,0.6958091551108607,493.82714874706824,81.40482914388896,69.74668556151231,1080.6511861250233,720.7742530640236,4.076738535585514,0.7881447710417261,0.0927353691042234,4.466869669748999
1.7888243869622953,0.009874274353325822,0.6958091451108607,493.82714875706824,81.40482914388896,69.74668556151231,1080.6481531244053,720.7742528813953,4.076738503580429,0.7881447710417261,0.09273537023772795,4.466869748020403
1.7888243869622953,0.009874274353325822,0.6958091451108607,493.82714874706824,81.40482915388895,69.74668556151231,1080.6481102168011,720.774252869737,4.076738495385111,0.7881447710417261,0.09273537024573258,4.466869751953344
1.7888243869622953,0.009874274353325822,0.6958091451108607,493.82714874706824,81.40482914388896,69.7466855715123,1080.6481208916816,720.7742528708142,4.07673850102337,0.7881447710417261,0.09273537027431863,4.466869744848533
1.7897437612887845,0.009884617314498825,0.6961539104832941,493.8271497134285,81.41289119408063,69.75505046276994,10465.072249104524,720.8618569959629,4.133117686691758,0.7881447710417261,0.09266352842777051,4.472121447072526
1.7897437712887845,0.009884617314498825,0.6961539104832941,493.8271497134285,81.41289119408063,69.75505046276994,10465.933603947948,720.8618578482481,4.1331182350918025,0.7881447710417261,0.09266352838399443,4.472121555882222
1.7897437612887845,0.009884627314498825,0.6961539104832941,493.8271497134285,81.41289119408063,69.75505046276994,10465.494130970763,720.8618568560089,4.133119162858229,0.7881447710417261,0.09266352626671752,4.472118851156911
1.7897437612887845,0.009884617314498825,0.6961539204832942,493.8271497134285,81.41289119408063,69.75505046276994,10465.369962519813,720.8618571958305,4.1331177246059765,0.7881447710417261,0.0926635271758667,4.472121376946025
1.7897437612887845,0.009884617314498825,0.6961539104832941,493.82714972342853,81.41289119408063,69.75505046276994,10465.077714093697,720.8618570099233,4.133117685405563,0.7881447710417261,0.09266352840101323,4.472121451657062
1.7897437612887845,0.009884617314498825,0.6961539104832941,493.8271497134285,81.41289120408062,69.75505046276994,10465.073528124296,720.8618569990085,4.13311767971903,0.7881447710417261,0.09266352834261408,4.472121460867497
1.7897437612887845,0.009884617314498825,0.6961539104832941,493.8271497134285,81.41289119408063,69.75505047276994,10465.074558745002,720.8618569989072,4.133117670233911,0.7881447710417261,0.09266352849171318,4.472121451143395
1.7900348729229616,0.009887892320383318,0.6962630773461106,493.82715001941784,81.41544396996147,69.7576991337244,-5722.563736739102,720.8898158778187,4.150779115242741,0.7881447710417261,0.09264180613052912,4.473761559236972
1.7900348829229615,0.009887892320383318,0.6962630773461106,493.82715001941784,81.41544396996147,69.7576991337244,-5722.3024533441785,720.8898167311995,4.150779657025374,0.7881447710417261,0.09264180624628908,4.47376165490479
1.7900348729229616,0.009887902320383318,0.6962630773461106,493.82715001941784,81.41544396996147,69.7576991337244,-5722.437419222181,720.8898157358136,4.150780594190245,0.7881447710417261,0.09264180407339635,4.473758954501841
1.7900348729229616,0.009887892320383318,0.6962630873461106,493.82715001941784,81.41544396996147,69.7576991337244,-5722.473929688102,720.8898160777636,4.150779141800207,0.7881447710417261,0.09264180501692743,4.473761481716078
1.7900348729229616,0.009887892320383318,0.6962630773461106,493.82715002941785,81.41544396996147,69.7576991337244,-5722.562079841025,720.889815890701,4.150779117591172,0.7881447710417261,0.09264180614540654,4.473761557007849
1.7900348729229616,0.009887892320383318,0.6962630773461106,493.82715001941784,81.41544397996147,69.7576991337244,-5722.563347970642,720.889815877999,4.150779107459949,0.7881447710417261,0.09264180618201562,4.473761559181284
1.7900348729229616,0.009887892320383318,0.6962630773461106,493.82715001941784,81.41544396996147,69.7576991437244,-5722.563036754891,720.8898158817051,4.150779103437969,0.7881447710417261,0.09264180614189556,4.473761565819033
1.0,0.001,0.4,493.826319608666,74.4875794264678,62.56958922931893,1445979.2270915795,682.4765183759143,22.592918170614894,2.1103342305016277e-09,0.03429796109752377,0.9994994415444589
1.00000001,0.001,0.4,493.826319608666,74.4875794264678,62.56958922931893,1445983.1994542172,682.4766585631446,22.59291817061081,2.1171152130026096e-09,0.03429795933465406,0.999499436165194
1.0,0.00100001,0.4,493.826319608666,74.4875794264678,62.56958922931893,1445964.769892491,682.4763234298543,22.59291817062267,2.1005657122539717e-09,0.034297961547418834,0.9994994362200496
1.0,0.001,0.40000001,493.826319608666,74.4875794264678,62.56958922931893,1445979.2051708724,682.4766281807795,22.592918170611206,2.1159500042576817e-09,0.034297961108512465,0.9994994417229797
1.0,0.001,0.4,493.826319618666,74.4875794264678,62.56958922931893,1445979.2201696108,682.4767568605157,22.592918170606758,2.1225876342827944e-09,0.034297961123989675,0.9994994419630218
1.0,0.001,0.4,493.826319608666,74.4875794364678,62.56958922931893,1445979.232686699,682.476555218219,22.592918170613682,2.11226192659636e-09,0.034297961101579726,0.999499441609854
1.0,0.001,0.4,493.826319608666,74.4875794264678,62.56958923931893,1445979.22319421,682.4766672037512,22.59291817060966,2.1179294097567907e-09,0.03429796111402717,0.9994994418043776
1.7616342662402886,0.009568385495203247,0.6856128498401083,493.82712016735695,81.16639729772706,69.49929701859809,63.049384309049735,719.0995595004829,2.592918170958296,0.5643581639660378,0.09368812364615561,4.3956191972430565
1.7616342762402886,0.009568385495203247,0.6856128498401083,493.82712016735695,81.16639729772706,69.49929701859809,63.04939611364029,719.0995596205605,2.592918170958296,0.5643584856413941,0.0936881256574681,4.3956194277505904
1.7616342662402886,0.009568395495203247,0.6856128498401083,493.82712016735695,81.16639729772706,69.49929701859809,63.04939512561233,719.0995595591771,2.592918170958296,0.5643581076953568,0.09368812492596112,4.395617570992589
1.7616342662402886,0.009568385495203247,0.6856128598401083,493.82712016735695,81.16639729772706,69.49929701859809,63.04939022416718,719.099559507254,2.592918170958296,0.5643582461794934,0.09368812252008439,4.395619126196792
1.7616342662402886,0.009568385495203247,0.6856128498401083,493.82712017735696,81.16639729772706,69.49929701859809,63.04938443029627,719.0995595032514,2.592918170958296,0.5643581665695635,0.09368812359232374,4.395619212955513
1.7616342662402886,0.009568385495203247,0.6856128498401083,493.82712016735695,81.16639730772705,69.49929701859809,63.049384317054745,719.0995594869865,2.592918170958296,0.5643581775238642,0.09368812369704252,4.395619170647166
1.7616342662402886,0.009568385495203247,0.6856128498401083,493.82712016735695,81.16639729772706,69.49929702859808,63.04938434988978,719.0995594904109,2.592918170958296,0.5643581737891821,0.09368812368766145,4.395619178025788
1.7806925521982364,0.009782791212230158,0.6927597070743386,493.82714019964425,81.3335205831326,69.67269829333988,143.15986401050117,720.0720312636829,3.545253535372412,0.7881447710417239,0.09338464998039402,4.431769906518955
1.7806925621982364,0.009782791212230158,0.6927597070743386,493.82714019964425,81.3335205831326,69.67269829333988,143.1599719302254,720.0720319611708,3.5452540322980384,0.7881447710417239,0.09338465044154884,4.431770031691441
1.7806925521982364,0.009782801212230158,0.6927597070743386,493.82714019964425,81.3335205831326,69.67269829333988,143.15993449840198,720.0720311669274,3.545254839327852,0.7881447710417239,0.09338464739089268,4.431767326963944
1.7806925521982364,0.009782791212230158,0.6927597170743387,493.82714019964425,81.3335205831326,69.67269829333988,143.15990781196638,720.0720314190604,3.5452535562326934,0.7881447710417239,0.09338464888271428,4.431769848950434
1.7806925521982364,0.009782791212230158,0.6927597070743386,493.82714020964426,81.3335205831326,69.67269829333988,143.15986473192464,720.0720312773361,3.5452535189891985,0.7881447710417239,0.09338465005131724,4.431769913534671
1.7806925521982364,0.009782791212230158,0.6927597070743386,493.82714019964425,81.33352059313259,69.67269829333988,143.15986415616982,720.0720312641502,3.545253520400596,0.7881447710417239,0.0933846500805117,4.43176990721573
1.7806925521982364,0.009782791212230158,0.6927597070743386,493.82714019964425,81.3335205831326,69.67269830333987,143.15986431585347,720.0720312657135,3.5452535311845215,0.7881447710417239,0.09338464999764716,4.4317699078938695
1.787044077647248,0.00985424587353154,0.695141529117718,493.8271468757736,81.38921750166546,69.73048746765723,410.4265988212145,720.6081094054772,3.9630240198995237,0.7881447710417258,0.09289299187356802,4.457357980530428
1.787044087647248,0.00985424587353154,0.695141529117718,493.8271468757736,81.38921750166546,69.73048746765723,410.427763118467,720.6081102212596,3.9630246115514254,0.7881447710417258,0.09289299170550738,4.457358077576584
1.787044077647248,0.00985425587353154,0.695141529117718,493.8271468757736,81.38921750166546,69.73048746765723,410.427234232364,720.6081092877537,3.9630254221788186,0.7881447710417258,0.09289298964382468,4.4573554012224195
1.787044077647248,0.00985424587353154,0.695141539117718,493.8271468757736,81.38921750166546,69.73048746765723,410.42702229175336,720.6081095954675,3.9630240565733357,0.7881447710417258,0.0928929905904609,4.457357918387761
1.787044077647248,0.00985424587353154,0.695141529117718,493.82714688577363,81.38921750166546,69.73048746765723,410.426606301271,720.6081094214953,3.963024020824515,0.7881447710417258,0.09289299175863631,4.4573579933427565
1.787044077647248,0.00985424587353154,0.695141529117718,493.8271468757736,81.38921751166545,69.73048746765723,410.4266005347205,720.6081094063538,3.963024020025839,0.7881447710417258,0.09289299184580548,4.457357983519598
1.787044077647248,0.00985424587353154,0.695141529117718,493.8271468757736,81.38921750166546,69.73048747765722,410.42660197732846,720.6081094096467,3.9630240214692454,0.7881447710417258,0.09289299177986078,4.4573579894221655
1.789157545188717,0.009878022383373066,0.6959340794457689,493.827149097253,81.40775062893134,69.74971679219485,1590.4330974924903,720.8058734162375,4.097298641672323,0.7881447710417261,0.09270869245373196,4.468775704955693
1.7891575551887169,0.009878022383373066,0.6959340794457689,493.827149097253,81.40775062893134,69.74971679219485,1590.4524254832995,720.8058742602292,4.097299189300752,0.7881447710417261,0.0927086925014837,4.46877580578947
1.789157545188717,0.009878032383373066,0.6959340794457689,493.827149097253,81.40775062893134,69.74971679219485,1590.4428084616268,720.8058732787102,4.097300099072566,0.7881447710417261,0.09270869041075949,4.468773101052627
1.789157545188717,0.009878022383373066,0.695934089445769,493.827149097253,81.40775062893134,69.74971679219485,1590.4398540126697,720.805873613597,4.097298688840858,0.7881447710417261,0.09270869121413111,4.4687756281404045
1.789157545188717,0.009878022383373066,0.6959340794457689,493.82714910725304,81.40775062893134,69.74971679219485,1590.4332203328106,720.8058734280473,4.097298655233796,0.7881447710417261,0.09270869244646457,4.4687756973715285
1.789157545188717,0.009878022383373066,0.6959340794457689,493.827149097253,81.40775063893133,69.74971679219485,1590.4331260998513,720.8058734161518,4.097298637862143,0.7881447710417261,0.09270869251074158,4.468775701556445
1.789157545188717,0.009878022383373066,0.6959340794457689,493.827149097253,81.40775062893134,69.74971680219484,1590.4331494272576,720.8058734190649,4.09729863396007,0.7881447710417261,0.09270869252341991,4.468775702626347
1.7898506417782694,0.00988581972000553,0.696193990666851,493.8271498257713,81.41382843568715,69.7560229118749,-307517.51503398607,720.8721101169693,4.1396091235227725,0.7881447710417261,0.09265550751038887,4.472726194849783
1.7898506517782693,0.00988581972000553,0.696193990666851,493.8271498257713,81.41382843568715,69.7560229118749,-306771.66765850334,720.8721109693778,4.139609679709469,0.7881447710417261,0.09265550747986798,4.472726296904812
1.7898506417782694,0.00988582972000553,0.696193990666851,493.8271498257713,81.41382843568715,69.7560229118749,-307153.4781959358,720.8721099776402,4.139610598069738,0.7881447710417261,0.09265550538378031,4.472723597985649
1.7898506417782694,0.00988581972000553,0.696194000666851,493.8271498257713,81.41382843568715,69.7560229118749,-307259.8348384844,720.8721103182735,4.139609164653851,0.7881447710417261,0.09265550623089676,4.472726125426271
1.7898506417782694,0.00988581972000553,0.696193990666851,493.8271498357713,81.41382843568715,69.7560229118749,-307512.77214321133,720.8721101314842,4.139609132779441,0.7881447710417261,0.09265550741296906,4.472726199845294
1.7898506417782694,0.00988581972000553,0.696193990666851,493.8271498257713,81.41382844568714,69.7560229118749,-307516.40392455424,720.8721101198461,4.139609129165697,0.7881447710417261,0.09265550738409538,4.472726204586464
1.7898506417782694,0.00988581972000553,0.696193990666851,493.8271498257713,81.41382843568715,69.75602292187489,-307515.5108127129,720.8721101207775,4.139609137906298,0.7881447710417261,0.09265550738590746,4.472726198290474
1.789621945046715,0.009883246881775543,0.6961082293925182,493.8271495853867,81.41182297993822,69.75394212114334,4817.757580173082,720.8501893023503,4.125699587448132,0.7881447710417261,0.09267276561003786,4.4714317409542605
1.789621955046715,0.009883246881775543,0.6961082293925182,493.8271495853867,81.41182297993822,69.75394212114334,4817.939028020924,720.8501901518028,4.125700140667176,0.7881447710417261,0.09267276563531518,4.471431839544525
1.789621945046715,0.009883256881775543,0.6961082293925182,493.8271495853867,81.41182297993822,69.75394212114334,4817.8469333886405,720.8501891627648,4.125701071151472,0.7881447710417261,0.09267276345481769,4.471429137787117
1.789621945046715,0.009883246881775543,0.6961082393925182,493.8271495853867,81.41182297993822,69.75394212114334,4817.820444468195,720.8501895014156,4.125699633519862,0.7881447710417261,0.09267276435166696,4.471431666240782
1.789621945046715,0.009883246881775543,0.6961082293925182,493.8271495953867,81.41182297993822,69.75394212114334,4817.758731827013,720.850189316212,4.125699591620744,0.7881447710417261,0.09267276555285514,4.471431745175896
1.789621945046715,0.009883246881775543,0.6961082293925182,493.8271495853867,81.41182298993822,69.75394212114334,4817.757849412393,720.850189302921,4.125699591720649,0.7881447710417261,0.09267276559227167,4.471431740118149
1.789621945046715,0.009883246881775543,0.6961082293925182,493.8271495853867,81.41182297993822,69.75394213114333,4817.758066975119,720.8501893048248,4.125699583565896,0.7881447710417261,0.09267276564620253,4.471431739660801
1.7897767271809413,0.00988498818078559,0.696166272692853,493.8271497480792,81.41318027402286,69.75535040200559,15353.156070951183,720.865017961672,4.135120877440646,0.7881447710417261,0.09266104838090994,4.472308261485484
1.7897767371809412,0.00988498818078559,0.696166272692853,493.8271497480792,81.41318027402286,69.75535040200559,15355.013102949695,720.865018813208,4.135121428153217,0.7881447710417261,0.09266104839060264,4.472308362996389
1.7897767271809413,0.00988499818078559,0.696166272692853,493.8271497480792,81.41318027402286,69.75535040200559,15354.064273121403,720.8650178213562,4.135122358390969,0.7881447710417261,0.0926610462663324,4.47230565810558
1.7897767271809413,0.00988498818078559,0.6961662826928531,493.8271497480792,81.41318027402286,69.75535040200559,15353.797498531925,720.8650181623856,4.135120905870518,0.7881447710417261,0.09266104720625905,4.47230818972372
1.7897767271809413,0.00988498818078559,0.696166272692853,493.8271497580792,81.41318027402286,69.75535040200559,15353.167851720915,720.8650179751071,4.135120880939195,0.7881447710417261,0.09266104835590988,4.472308262686185
1.7897767271809413,0.00988498818078559,0.696166272692853,493.8271497480792,81.41318028402286,69.75535040200559,15353.158828991247,720.8650179638765,4.135120876370891,0.7881447710417261,0.09266104832734201,4.472308268025595
1.7897767271809413,0.00988498818078559,0.696166272692853,493.8271497480792,81.41318027402286,69.75535041200558,15353.161049666141,720.8650179649783,4.135120874101558,0.7881447710417261,0.09266104839165565,4.472308262615983
1.7898282676956891,0.009885568011576503,0.6961856003858835,493.82714980225376,81.41363223597658,69.75581934191855,57228.98819174925,720.8699626119629,4.138250968691305,0.7881447710417261,0.0926571819662096,4.472599827070628
1.789828277695689,0.009885568011576503,0.6961856003858835,493.82714980225376,81.41363223597658,69.75581934191855,57254.86499692232,720.869963463004,4.138251526212678,0.7881447710417261,0.09265718198406123,4.4725999230497555
1.7898282676956891,0.009885578011576503,0.6961856003858835,493.82714980225376,81.41363223597658,69.75581934191855,57241.61229540363,720.8699624703052,4.13825246241652,0.7881447710417261,0.09265717977469884,4.472597223857239
1.7898282676956891,0.009885568011576503,0.6961856103858836,493.82714980225376,81.41363223597658,69.75581934191855,57237.915301279725,720.8699628133947,4.138251012126232,0.7881447710417261,0.09265718065552557,4.472599759421528
1.7898282676956891,0.009885568011576503,0.6961856003858835,493.82714981225377,81.41363223597658,69.75581934191855,57229.15228336414,720.8699626261933,4.138250983682026,0.7881447710417261,0.09265718183506329,4.4725998318405145
1.7898282676956891,0.009885568011576503,0.6961856003858835,493.82714980225376,81.41363224597657,69.75581934191855,57229.026623871825,720.8699626135727,4.13825099135278,0.7881447710417261,0.09265718180081682,4.472599829468103
1.7898282676956891,0.009885568011576503,0.6961856003858835,493.82714980225376,81.41363223597658,69.75581935191855,57229.057532307575,720.8699626151047,4.1382509776325165,0.7881447710417261,0.0926571818883713,4.47259982917153
1.7898452851341278,0.009885759457758938,0.6961919819252979,493.8271498201409,81.41378146294417,69.75597417459997,584076.1864881334,720.8715959223005,4.139284001011184,0.7881447710417261,0.09265590814961748,4.4726959535877455
1.7898452951341277,0.009885759457758938,0.6961919819252979,493.8271498201409,81.41378146294417,69.75597417459997,586785.1164311982,720.8715967752075,4.139284539497012,0.7881447710417261,0.09265590818036387,4.4726960609327815
1.7898452851341278,0.009885769457758938,0.6961919819252979,493.8271498201409,81.41378146294417,69.75597417459997,585393.9162878263,720.8715957805719,4.139285487963604,0.7881447710417261,0.0926559060145379,4.472693349201607
1.7898452851341278,0.009885759457758938,0.6961919919252979,493.8271498201409,81.41378146294417,69.75597417459997,585007.8643508415,720.8715961223363,4.139284041669556,0.7881447710417261,0.09265590692369918,4.472695878756354
1.7898452851341278,0.009885759457758938,0.6961919819252979,493.8271498301409,81.41378146294417,69.75597417459997,584093.2924084892,720.8715959358441,4.1392840065552186,0.7881447710417261,0.09265590808559566,4.4726959575384795
1.7898452851341278,0.009885759457758938,0.6961919819252979,493.8271498201409,81.41378147294417,69.75597417459997,584080.1932928084,720.8715959236723,4.139284003903498,0.7881447710417261,0.09265590810918238,4.47269595595891
1.7898452851341278,0.009885759457758938,0.6961919819252979,493.8271498201409,81.41378146294417,69.75597418459996,584083.4149108599,720.8715959257896,4.13928401134505,0.7881447710417261,0.09265590803819156,4.472695958340077
1.7898506417782694,0.00988581972000553,0.696193990666851,493.8271498257713,81.41382843568715,69.7560229118749,-307517.51503398607,720.8721101169693,4.1396091235227725,0.7881447710417261,0.09265550751038887,4.472726194849783
1.7898506517782693,0.00988581972000553,0.696193990666851,493.8271498257713,81.41382843568715,69.7560229118749,-306771.66765850334,720.8721109693778,4.139609679709469,0.7881447710417261,0.09265550747986798,4.472726296904812
1.7898506417782694,0.00988582972000553,0.696193990666851,493.8271498257713,81.41382843568715,69.7560229118749,-307153.4781959358,720.8721099776402,4.139610598069738,0.7881447710417261,0.09265550538378031,4.472723597985649
1.7898506417782694,0.00988581972000553,0.696194000666851,493.8271498257713,81.41382843568715,69.7560229118749,-307259.8348384844,720.8721103182735,4.139609164653851,0.7881447710417261,0.09265550623089676,4.472726125426271
1.7898506417782694,0.00988581972000553,0.696193990666851,493.8271498357713,81.41382843568715,69.7560229118749,-307512.77214321133,720.8721101314842,4.139609132779441,0.7881447710417261,0.09265550741296906,4.472726199845294
1.7898506417782694,0.00988581972000553,0.696193990666851,493.8271498257713,81.41382844568714,69.7560229118749,-307516.40392455424,720.8721101198461,4.139609129165697,0.7881447710417261,0.09265550738409538,4.472726204586464
1.7898506417782694,0.00988581972000553,0.696193990666851,493.8271498257713,81.41382843568715,69.75602292187489,-307515.5108127129,720.8721101207775,4.139609137906298,0.7881447710417261,0.09265550738590746,4.472726198290474
1.0,0.001,0.4,493.826319608666,74.4875794264678,62.56958922931893,1445979.2270915795,682.4765183759143,22.592918170614894,2.1103342305016277e-09,0.03429796109752377,0.9994994415444589
1.00000001,0.001,0.4,493.826319608666,74.4875794264678,62.56958922931893,1445983.1994542172,682.4766585631446,22.59291817061081,2.1171152130026096e-09,0.03429795933465406,0.999499436165194
1.0,0.00100001,0.4,493.826319608666,74.4875794264678,62.56958922931893,1445964.769892491,682.4763234298543,22.59291817062267,2.1005657122539717e-09,0.034297961547418834,0.9994994362200496
1.0,0.001,0.40000001,493.826319608666,74.4875794264678,62.56958922931893,1445979.2051708724,682.4766281807795,22.592918170611206,2.1159500042576817e-09,0.034297961108512465,0.9994994417229797
1.0,0.001,0.4,493.826319618666,74.4875794264678,62.56958922931893,1445979.2201696108,682.4767568605157,22.592918170606758,2.1225876342827944e-09,0.034297961123989675,0.9994994419630218
1.0,0.001,0.4,493.826319608666,74.4875794364678,62.56958922931893,1445979.232686699,682.476555218219,22.592918170613682,2.11226192659636e-09,0.034297961101579726,0.999499441609854
1.0,0.001,0.4,493.826319608666,74.4875794264678,62.56958923931893,1445979.22319421,682.4766672037512,22.59291817060966,2.1179294097567907e-09,0.03429796111402717,0.9994994418043776
1.5271540527056444,0.006930483092938498,0.5976827697646167,493.8268737036917,79.110225838501,67.36588544011977,474.9220761745986,694.1698804447462,22.592918170958292,1.0862297725333177e-42,0.03433986610427163,1.2119333295947572
1.5271540627056444,0.006930483092938498,0.5976827697646167,493.8268737036917,79.110225838501,67.36588544011977,474.92197742971337,694.1698844547082,22.592918170958292,6.131209208815396e-43,0.03433986821045343,1.2119333458292898
1.5271540527056444,0.006930493092938498,0.5976827697646167,493.8268737036917,79.110225838501,67.36588544011977,474.9220476467726,694.1698830989066,22.592918170958292,8.408242602509103e-42,0.03433986614408382,1.2119333090739262
1.5271540527056444,0.006930483092938498,0.5976827797646167,493.8268737036917,79.110225838501,67.36588544011977,474.92206452603386,694.1698813946131,22.592918170958292,4.0169929418923235e-42,0.034339866395698526,1.2119333234623653
1.5271540527056444,0.006930483092938498,0.5976827697646167,493.8268737136917,79.110225838501,67.36588544011977,474.9220822586679,694.1698799533407,22.592918170958292,3.896571953846575e-39,0.03433986610587347,1.2119333302507738
1.5271540527056444,0.006930483092938498,0.5976827697646167,493.8268737036917,79.11022584850099,67.36588544011977,474.922089676827,694.1698799397643,22.592918170958292,2.1183185559866644e-39,0.03433986611170394,1.2119333294148273
1.5271540527056444,0.006930483092938498,0.5976827697646167,493.8268737036917,79.110225838501,67.36588545011976,474.92207582933156,694.1698803029512,22.592918170958292,6.469796775423232e-42,0.034339866089196584,1.2119333310343
1.7022874604155658,0.008900733929675116,0.6633577976558371,493.82705778754644,80.64598149592639,68.95933178748717,37.785841588598515,716.6390850697801,9.00995973558903,3.392016046863918e-36,0.07849244152139162,1.9608964301345262
1.7022874704155657,0.008900733929675116,0.6633577976558371,493.82705778754644,80.64598149592639,68.95933178748717,37.7858396842414,716.639085868089,9.009957196777599,3.1152644871300013e-36,0.07849244511828365,1.9608966431274275
1.7022874604155658,0.008900743929675116,0.6633577976558371,493.82705778754644,80.64598149592639,68.95933178748717,37.78584563062239,716.6390854061981,9.009960165071977,1.0843272457621222e-35,0.07849244015033953,1.9608963057607987
1.7022874604155658,0.008900733929675116,0.6633578076558372,493.82705778754644,80.64598149592639,68.95933178748717,37.78584240711625,716.6390851964452,9.009959339196161,1.1254815629879619e-35,0.07849244144820258,1.9608964289015283
1.7022874604155658,0.008900733929675116,0.6633577976558371,493.82705779754644,80.64598149592639,68.95933178748717,37.785841572181525,716.6390850641363,9.009959715987415,1.0706035869766249e-35,0.07849244157350162,1.9608964266523383
1.7022874604155658,0.008900733929675116,0.6633577976558371,493.82705778754644,80.64598150592639,68.95933178748717,37.785841574724316,716.6390850798232,9.00995960748143,3.381246197054344e-36,0.07849244169164561,1.9608964282864276
1.7022874604155658,0.008900733929675116,0.6633577976558371,493.82705778754644,80.64598149592639,68.95933179748717,37.78584151455923,716.6390850758459,9.009959483680248,3.210406428930315e-36,0.07849244178034591,1.9608964322392992
1.7606652588964065,0.00955748416258457,0.6852494720861523,493.8271191488271,81.15790001254365,69.49048053273812,61.679289039604356,719.08613780747,2.592918170958296,0.5301881040125755,0.09356681702000683,4.3703907573394964
1.7606652688964064,0.00955748416258457,0.6852494720861523,493.8271191488271,81.15790001254365,69.49048053273812,61.67930012423453,719.0861379278042,2.592918170958296,0.530188420569116,0.09356681882410471,4.370391055952831
1.7606652588964065,0.00955749416258457,0.6852494720861523,493.8271191488271,81.15790001254365,69.49048053273812,61.67929933961028,719.0861378628925,2.592918170958296,0.5301880663294791,0.09356681815082513,4.370389189412681
1.7606652588964065,0.00955748416258457,0.6852494820861523,493.8271191488271,81.15790001254365,69.49048053273812,61.679294627130616,719.0861378250468,2.592918170958296,0.5301881733058148,0.09356681592121821,4.370390710225035
1.7606652588964065,0.00955748416258457,0.6852494720861523,493.8271191588271,81.15790001254365,69.49048053273812,61.679289155853695,719.0861377997566,2.592918170958296,0.5301881218793911,0.09356681708248325,4.370390737066409
1.7606652588964065,0.00955748416258457,0.6852494720861523,493.8271191488271,81.15790002254364,69.49048053273812,61.67928904885374,719.0861378058387,2.592918170958296,0.5301881069104724,0.09356681698734375,4.370390757817912
1.7606652588964065,0.00955748416258457,0.6852494720861523,493.8271191488271,81.15790001254365,69.49048054273811,61.6792890589869,719.0861378040495,2.592918170958296,0.5301881092699625,0.09356681704401697,4.370390748004719
1.7801245249767,0.009776400905987874,0.6925466968662625,493.8271396025872,81.32853951738134,69.66753011376068,136.24839182938558,720.0278084434545,3.5136094877792186,0.7881447710417158,0.09340101603336776,4.4270577939960285
1.7801245349766999,0.009776400905987874,0.6925466968662625,493.8271396025872,81.32853951738134,69.66753011376068,136.2484874564267,720.0278091352187,3.51360998121893,0.7881447710417158,0.09340101655803833,4.427057918264437
1.7801245249767,0.009776410905987874,0.6925466968662625,493.8271396025872,81.32853951738134,69.66753011376068,136.24845500743473,720.02780834526,3.5136108011557474,0.7881447710417158,0.0934010133965622,4.427055207042912
1.7801245249767,0.009776400905987874,0.6925467068662625,493.8271396025872,81.32853951738134,69.66753011376068,136.2484309130676,720.0278085950216,3.513609537815632,0.7881447710417158,0.09340101488894803,4.427057720107218
1.7801245249767,0.009776400905987874,0.6925466968662625,493.8271396125872,81.32853951738134,69.66753011376068,136.24839246120462,720.0278084557142,3.513609505299697,0.7881447710417158,0.09340101593691924,4.4270577932538515
1.7801245249767,0.009776400905987874,0.6925466968662625,493.8271396025872,81.32853952738134,69.66753011376068,136.24839191305819,720.0278084434406,3.5136094936777624,0.7881447710417158,0.09340101602246864,4.4270577906956055
1.7801245249767,0.009776400905987874,0.6925466968662625,493.8271396025872,81.32853951738134,69.66753012376067,136.24839205268384,720.0278084457728,3.5136094887179525,0.7881447710417158,0.09340101600251437,4.427057796702756
1.7866109465768674,0.009849373148989756,0.6949791049663252,493.8271464205068,81.38541934858637,69.72654663688681,358.88738880372466,720.5685383444743,3.9342364816909994,0.7881447710417261,0.09293489652480419,4.4553620125809745
1.7866109565768673,0.009849373148989756,0.6949791049663252,493.8271464205068,81.38541934858637,69.72654663688681,358.88826143355675,720.5685391504571,3.9342370985836115,0.7881447710417261,0.09293489640283017,4.455362087395041
1.7866109465768674,0.009849383148989756,0.6949791049663252,493.8271464205068,81.38541934858637,69.72654663688681,358.88787243839295,720.5685382283497,3.934237893890163,0.7881447710417261,0.09293489426315513,4.455359421913508
1.7866109465768674,0.009849373148989756,0.6949791149663253,493.8271464205068,81.38541934858637,69.72654663688681,358.8877087317375,720.5685385286462,3.934236530321992,0.7881447710417261,0.09293489532986102,4.45536193305342
1.7866109465768674,0.009849373148989756,0.6949791049663252,493.8271464305068,81.38541934858637,69.72654663688681,358.88739441183316,720.5685383570997,3.9342364989623233,0.7881447710417261,0.09293489643864179,4.455362010778275
1.7866109465768674,0.009849373148989756,0.6949791049663252,493.8271464205068,81.38541935858636,69.72654663688681,358.8873900797715,720.5685383460519,3.9342364870780986,0.7881447710417261,0.09293489647358501,4.455362014288101
1.7866109465768674,0.009849373148989756,0.6949791049663252,493.8271464205068,81.38541934858637,69.7265466468868,358.88739117153557,720.568538347847,3.9342364989047525,0.7881447710417261,0.0929348963974328,4.4553620141219525
1.7887730858369408,0.009873697215665585,0.6957899071888528,493.8271486931453,81.4043792811556,69.74621879967697,1030.2475085067836,720.7693970449473,4.073556293323406,0.7881447710417261,0.09273955202568872,4.466577362091497
1.7887730958369408,0.009873697215665585,0.6957899071888528,493.8271486931453,81.4043792811556,69.74621879967697,1030.255468961696,720.7693978854428,4.073556852501034,0.7881447710417261,0.09273955199781003,4.4665774638312445
1.7887730858369408,0.009873707215665585,0.6957899071888528,493.8271486931453,81.4043792811556,69.74621879967697,1030.2515728312212,720.7693969114437,4.073557759401281,0.7881447710417261,0.09273954978478587,4.466574767746313
1.7887730858369408,0.009873697215665585,0.6957899171888529,493.8271486931453,81.4043792811556,69.74621879967697,1030.250311768907,720.7693972412644,4.073556337783193,0.7881447710417261,0.09273955075877807,4.4665772904522
1.7887730858369408,0.009873697215665585,0.6957899071888528,493.8271487031453,81.4043792811556,69.74621879967697,1030.247559141702,720.7693970591904,4.073556308990384,0.7881447710417261,0.09273955183548004,4.466577372596699
1.7887730858369408,0.009873697215665585,0.6957899071888528,493.8271486931453,81.40437929115559,69.74621879967697,1030.247520232937,720.7693970463276,4.073556301211768,0.7881447710417261,0.09273955192636807,4.46657736729316
1.7887730858369408,0.009873697215665585,0.6957899071888528,493.8271486931453,81.4043792811556,69.74621880967696,1030.2475299354235,720.7693970471234,4.0735562987333,0.7881447710417261,0.09273955203442295,4.466577357393747
1.7894937950973242,0.009881805194844898,0.6960601731614965,493.82714945068744,81.41069922512555,69.75277615246013,3079.687914930576,720.8379335009154,4.117887829777451,0.7881447710417261,0.09268254608864498,4.470700918233048
1.7894938050973241,0.009881805194844898,0.6960601731614965,493.82714945068744,81.41069922512555,69.75277615246013,3079.7615909792635,720.8379343469185,4.117888393152831,0.7881447710417261,0.0926825461235849,4.470701009228471
1.7894937950973242,0.009881815194844898,0.6960601731614965,493.82714945068744,81.41069922512555,69.75277615246013,3079.7244007480394,720.837933361226,4.117889297563943,0.7881447710417261,0.09268254402056164,4.47069831475349
1.7894937950973242,0.009881805194844898,0.6960601831614965,493.82714945068744,81.41069922512555,69.75277615246013,3079.7135040515627,720.8379336986625,4.117887870018702,0.7881447710417261,0.09268254495393748,4.470700834641644
1.7894937950973242,0.009881805194844898,0.6960601731614965,493.82714946068745,81.41069922512555,69.75277615246013,3079.688382661405,720.837933514441,4.117887837542442,0.7881447710417261,0.09268254603566495,4.470700919582895
1.7894937950973242,0.009881805194844898,0.6960601731614965,493.82714945068744,81.41069923512555,69.75277615246013,3079.688024153615,720.8379335021947,4.11788782244616,0.7881447710417261,0.09268254613173676,4.470700918863996
1.7894937950973242,0.009881805194844898,0.6960601731614965,493.82714945068744,81.41069922512555,69.75277616246012,3079.6881126386115,720.8379335034202,4.117887843695041,0.7881447710417261,0.09268254603772656,4.470700914151649
1.7897340200369265,0.009884507725415423,0.6961502575138474,493.82714970318943,81.4128057724421,69.75496183226595,9566.020993266135,720.8609231998863,4.1325255692095,0.7881447710417261,0.0926642623642365,4.472066200251322
1.7897340300369264,0.009884507725415423,0.6961502575138474,493.82714970318943,81.4128057724421,69.75496183226595,9566.740355515014,720.8609240512612,4.132526123074701,0.7881447710417261,0.09266426232690354,4.4720663046392435
1.7897340200369265,0.009884517725415423,0.6961502575138474,493.82714970318943,81.4128057724421,69.75496183226595,9566.373482595282,720.8609230579835,4.1325270510888155,0.7881447710417261,0.09266426023223628,4.472063597377831
1.7897340200369265,0.009884507725415423,0.6961502675138475,493.82714970318943,81.4128057724421,69.75496183226595,9566.269677329006,720.8609234005562,4.1325255974543245,0.7881447710417261,0.09266426113769034,4.472066134032272
1.7897340200369265,0.009884507725415423,0.6961502575138474,493.82714971318944,81.4128057724421,69.75496183226595,9566.025557569523,720.8609232130414,4.132525572162482,0.7881447710417261,0.09266426234330942,4.472066201453734
1.7897340200369265,0.009884507725415423,0.6961502575138474,493.82714970318943,81.41280578244209,69.75496183226595,9566.02206137421,720.860923202073,4.132525570442479,0.7881447710417261,0.09266426227558482,4.472066208952539
1.7897340200369265,0.009884507725415423,0.6961502575138474,493.82714970318943,81.4128057724421,69.75496184226594,9566.022922143102,720.8609232034731,4.132525578324059,0.7881447710417261,0.09266426223077164,4.472066208093599
1.789814060555608,0.009885408181250591,0.696180272708353,493.82714978732054,81.41350765268868,69.7556900786571,32655.616145468197,720.8685992980116,4.137388366917109,0.7881447710417261,0.09265824648968465,4.472519517667054
1.789814070555608,0.009885408181250591,0.696180272708353,493.82714978732054,81.41350765268868,69.7556900786571,32664.034041949133,720.8686001494392,4.137388924953576,0.7881447710417261,0.09265824649269122,4.472519614826422
1.789814060555608,0.009885418181250591,0.696180272708353,493.82714978732054,81.41350765268868,69.7556900786571,32659.725868068435,720.868599156734,4.137389846534188,0.7881447710417261,0.09265824437080805,4.4725169159175575
1.789814060555608,0.009885408181250591,0.6961802827083531,493.82714978732054,81.41350765268868,69.7556900786571,32658.521363085685,720.8685994983474,4.137388416751091,0.7881447710417261,0.09265824514871024,4.472519448963996
1.789814060555608,0.009885408181250591,0.696180272708353,493.82714979732054,81.41350765268868,69.7556900786571,32655.669536399393,720.8685993115612,4.137388373353087,0.7881447710417261,0.09265824643235854,4.472519520299733
1.789814060555608,0.009885408181250591,0.696180272708353,493.82714978732054,81.41350766268867,69.7556900786571,32655.62864899289,720.8685992994821,4.137388374510995,0.7881447710417261,0.09265824642453943,4.47251951954403
1.789814060555608,0.009885408181250591,0.696180272708353,493.82714978732054,81.41350765268868,69.75569008865709,32655.638706934697,720.8685993024769,4.137388376296494,0.7881447710417261,0.0926582463424526,4.472519526740604
1.7898406367868138,0.009885707163851655,0.6961902387950551,493.827149815255,81.4137407012998,69.75593188174363,166149.7698721493,720.8711497457037,4.139001845804324,0.7881447710417261,0.09265625594773011,4.472669706162734
1.7898406467868138,0.009885707163851655,0.6961902387950551,493.827149815255,81.4137407012998,69.75593188174363,166368.2032695305,720.8711505971089,4.139002388393999,0.7881447710417261,0.09265625605832946,4.472669802410855
1.7898406367868138,0.009885717163851655,0.6961902387950551,493.827149815255,81.4137407012998,69.75593188174363,166256.22744670414,720.8711496047069,4.139003330335379,0.7881447710417261,0.09265625381393947,4.472667103184939
1.7898406367868138,0.009885707163851655,0.6961902487950552,493.827149815255,81.4137407012998,69.75593188174363,166225.0655225263,720.8711499464498,4.139001895085358,0.7881447710417261,0.09265625459523018,4.472669639052849
1.7898406367868138,0.009885707163851655,0.6961902387950551,493.827149825255,81.4137407012998,69.75593188174363,166151.15374732547,720.8711497600764,4.139001855162821,0.7881447710417261,0.09265625587743323,4.47266970829783
1.7898406367868138,0.009885707163851655,0.6961902387950551,493.827149815255,81.4137407112998,69.75593188174363,166150.0940045158,720.8711497487336,4.139001847715047,0.7881447710417261,0.0926562558298612,4.47266971748662
1.7898406367868138,0.009885707163851655,0.6961902387950551,493.827149815255,81.4137407012998,69.75593189174363,166150.35464308434,720.8711497482229,4.13900185664273,0.7881447710417261,0.09265625590219555,4.472669703675656
1.789849166750306,0.009885803125940942,0.6961934375313646,493.8271498242209,81.41381550107593,69.75600949137477,-530552.6955965143,720.8719685236359,4.1395195975683885,0.7881447710417261,0.0926556178038858,4.472717870491222
1.789849176750306,0.009885803125940942,0.6961934375313646,493.8271498242209,81.41381550107593,69.75600949137477,-528336.682429699,720.8719693747217,4.139520152033917,0.7881447710417261,0.09265561783494074,4.472717967028075
1.789849166750306,0.009885813125940942,0.6961934375313646,493.8271498242209,81.41381550107593,69.75600949137477,-529470.0486122955,720.8719683817849,4.139521084824651,0.7881447710417261,0.09265561568215076,4.472715264534044
1.789849166750306,0.009885803125940942,0.6961934475313647,493.8271498242209,81.41381550107593,69.75600949137477,-529786.1905309223,720.8719687237182,4.139519649101026,0.7881447710417261,0.09265561649803607,4.472717796911673
1.789849166750306,0.009885803125940942,0.6961934375313646,493.8271498342209,81.41381550107593,69.75600949137477,-530538.5792770018,720.8719685369266,4.139519596562555,0.7881447710417261,0.09265561782334311,4.472717869986844
1.789849166750306,0.009885803125940942,0.6961934375313646,493.8271498242209,81.41381551107592,69.75600949137477,-530549.388608907,720.8719685248236,4.139519602770733,0.7881447710417261,0.09265561772285039,4.47271787568256
1.789849166750306,0.009885803125940942,0.6961934375313646,493.8271498242209,81.41381550107593,69.75600950137476,-530546.7304822152,720.871968526639,4.139519604116958,0.7881447710417261,0.09265561771943308,4.472717874854243
1.7898474804514362,0.009885784155078656,0.6961928051692885,493.8271498224484,81.41380071381711,69.75599414863228,-3104407.3541855784,720.871806651517,4.1394172520850026,0.7881447710417261,0.09265574389361583,4.472708350819224
1.789847490451436,0.009885784155078656,0.6961928051692885,493.8271498224484,81.41380071381711,69.75599414863228,-3030049.7965015504,720.87180750182,4.13941780635166,0.7881447710417261,0.09265574393916921,4.472708446009715
1.7898474804514362,0.009885794155078656,0.6961928051692885,493.8271498224484,81.41380071381711,69.75599414863228,-3067704.0226357738,720.8718065103741,4.139418735633759,0.7881447710417261,0.09265574179126575,4.472705745241374
1.7898474804514362,0.009885784155078656,0.6961928151692885,493.8271498224484,81.41380071381711,69.75599414863228,-3078348.2171936207,720.8718068519163,4.139417291163678,0.7881447710417261,0.09265574264596636,4.47270827943439
1.7898474804514362,0.009885784155078656,0.6961928051692885,493.8271498324484,81.41380071381711,69.75599414863228,-3103924.1605741857,720.8718066654837,4.139417246008008,0.7881447710417261,0.09265574391248604,4.472708353829879
1.7898474804514362,0.009885784155078656,0.6961928051692885,493.8271498224484,81.4138007238171,69.75599414863228,-3104294.1485143844,720.8718066535617,4.1394172505181235,0.7881447710417261,0.09265574384593672,4.47270835702122
1.7898474804514362,0.009885784155078656,0.6961928051692885,493.8271498224484,81.41380071381711,69.75599415863228,-3104203.1572527057,720.8718066547167,4.139417251641937,0.7881447710417261,0.09265574385967251,4.472708354646904
1.7898440586191249,0.009885745659465156,0.6961915219821718,493.8271498188517,81.41377070755846,69.75596301518796,351058.4525807803,720.8714781910904,4.139209559159999,0.7881447710417261,0.09265599985730018,4.472689029840502
1.7898440686191248,0.009885745659465156,0.6961915219821718,493.8271498188517,81.41377070755846,69.75596301518796,352035.2135163383,720.8714790437452,4.139210106613104,0.7881447710417261,0.09265599989772944,4.4726891301143725
1.7898440586191249,0.009885755659465156,0.6961915219821718,493.8271498188517,81.41377070755846,69.75596301518796,351534.06475607166,720.8714780510302,4.139211035404642,0.7881447710417261,0.09265599775182853,4.472686429464378
1.7898440586191249,0.009885745659465156,0.6961915319821719,493.8271498188517,81.41377070755846,69.75596301518796,351394.8040481778,720.8714783926138,4.139209598754112,0.7881447710417261,0.09265599858914991,4.472688960272029
1.7898440586191249,0.009885745659465156,0.6961915219821718,493.8271498288517,81.41377070755846,69.75596301518796,351064.6318562556,720.8714782051944,4.139209558187625,0.7881447710417261,0.09265599986045714,4.472689031058592
1.7898440586191249,0.009885745659465156,0.6961915219821718,493.8271498188517,81.41377071755845,69.75596301518796,351059.9000658041,720.8714781909549,4.139209571523133,0.7881447710417261,0.09265599982692574,4.472689024890256
1.7898440586191249,0.009885745659465156,0.6961915219821718,493.8271498188517,81.41377070755846,69.75596302518795,351061.0637341607,720.8714781951228,4.139209557925962,0.7881447710417261,0.09265599984217593,4.472689032172839
1.7898465592835913,0.0098857737919404,0.6961924597313466,493.8271498214802,81.41379263603945,69.75598576741275,1881549.1765632925,720.8717182284093,4.139361329797646,0.7881447710417261,0.09265581280803659,4.472703156115139
1.7898465692835912,0.0098857737919404,0.6961924597313466,493.8271498214802,81.41379263603945,69.75598576741275,1909955.5359210158,720.8717190791237,4.139361895130357,0.7881447710417261,0.09265581280800675,4.472703248725088
1.7898465592835913,0.009885783791940399,0.6961924597313466,493.8271498214802,81.41379263603945,69.75598576741275,1895292.8679871315,720.8717180862325,4.1393628295608815,0.7881447710417261,0.0926558106636286,4.472700544203023
1.7898465592835913,0.0098857737919404,0.6961924697313466,493.8271498214802,81.41379263603945,69.75598576741275,1891252.4166553598,720.8717184281154,4.139361384643749,0.7881447710417261,0.09265581153763595,4.472703076609346
1.7898465592835913,0.0098857737919404,0.6961924597313466,493.8271498314802,81.41379263603945,69.75598576741275,1881726.715782824,720.8717182426311,4.139361337684226,0.7881447710417261,0.09265581278129323,4.472703154631767
1.7898465592835913,0.0098857737919404,0.6961924597313466,493.8271498214802,81.41379264603944,69.75598576741275,1881590.7643736696,720.8717182288575,4.139361345968633,0.7881447710417261,0.09265581275841794,4.472703150656946
1.7898465592835913,0.0098857737919404,0.6961924597313466,493.8271498214802,81.41379263603945,69.75598577741275,1881624.1950742195,720.8717182310147,4.139361331639222,0.7881447710417261,0.09265581283202332,4.4727031522326435
1.7898473562650152,0.00988578275798142,0.6961927585993807,493.8271498223179,81.41379962481872,69.75599301872565,-4829909.140178527,720.8717947311559,4.139409714061166,0.7881447710417261,0.09265575311787579,4.472707656803791
1.7898473662650152,0.00988578275798142,0.6961927585993807,493.8271498223179,81.41379962481872,69.75599301872565,-4652286.067086621,720.8717955824393,4.139410262838939,0.7881447710417261,0.09265575322231699,4.472707749490128
1.7898473562650152,0.00988579275798142,0.6961927585993807,493.8271498223179,81.41379962481872,69.75599301872565,-4741645.625266068,720.8717945891964,4.139411204024345,0.7881447710417261,0.09265575103517465,4.472705044925366
1.7898473562650152,0.00988578275798142,0.6961927685993807,493.8271498223179,81.41379962481872,69.75599301872565,-4767123.899911109,720.8717949313216,4.139409741069595,0.7881447710417261,0.0926557520022441,4.472707579661782
1.7898473562650152,0.00988578275798142,0.6961927585993807,493.8271498323179,81.41379962481872,69.75599301872565,-4828739.599015484,720.871794743641,4.13940970866932,0.7881447710417261,0.09265575320481591,4.472707652187801
1.7898473562650152,0.00988578275798142,0.6961927585993807,493.8271498223179,81.41379963481872,69.75599301872565,-4829635.109084317,720.871794732793,4.13940971681347,0.7881447710417261,0.09265575311433762,4.472707655498625
1.7898473562650152,0.00988578275798142,0.6961927585993807,493.8271498223179,81.41379962481872,69.75599302872564,-4829414.862303219,720.871794732552,4.139409720290994,0.7881447710417261,0.09265575314487846,4.472707649628948
1.7898472164696007,0.009885781185283007,0.6961927061761002,493.82714982217095,81.41379839894411,69.75599174680103,-12903181.778673716,720.871781311096,4.139401230763008,0.7881447710417261,0.09265576364162048,4.472706859286463
1.7898472264696006,0.009885781185283007,0.6961927061761002,493.82714982217095,81.41379839894411,69.75599174680103,-11708907.432270281,720.8717821625687,4.139401778512682,0.7881447710417261,0.09265576372114592,4.472706955350584
1.7898472164696007,0.009885791185283007,0.6961927061761002,493.82714982217095,81.41379839894411,69.75599174680103,-12291917.158025634,720.8717811707287,4.139402705647036,0.7881447710417261,0.09265576151739431,4.472704261844345
1.7898472164696007,0.009885781185283007,0.6961927161761002,493.82714982217095,81.41379839894411,69.75599174680103,-12464614.785568703,720.8717815121123,4.139401273968284,0.7881447710417261,0.0926557623592172,4.472706788841872
1.7898472164696007,0.009885781185283007,0.6961927061761002,493.82714983217096,81.41379839894411,69.75599174680103,-12894838.27038954,720.8717813252158,4.139401233052521,0.7881447710417261,0.09265576357969756,4.472706865235321
1.7898472164696007,0.009885781185283007,0.6961927061761002,493.82714982217095,81.4137984089441,69.75599174680103,-12901226.295503428,720.8717813129136,4.139401222411509,0.7881447710417261,0.09265576361273864,4.472706868077768
1.7898472164696007,0.009885781185283007,0.6961927061761002,493.82714982217095,81.41379839894411,69.75599175680102,-12899654.792210227,720.8717813143099,4.1394012318226405,0.7881447710417261,0.09265576361572322,4.472706861285148
1.7898468878765958,0.009885777488611703,0.6961925829537234,493.82714982182557,81.41379551749178,69.75598875710689,4405466.719739753,720.8717497697997,4.139381293803113,0.7881447710417261,0.09265578815169297,4.472705006390516
1.7898468978765958,0.009885777488611703,0.6961925829537234,493.82714982182557,81.41379551749178,69.75598875710689,4564416.927184536,720.8717506205984,4.139381840055642,0.7881447710417261,0.09265578824155586,4.4727051023150235
1.7898468878765958,0.009885787488611703,0.6961925829537234,493.82714982182557,81.41379551749178,69.75598875710689,4481557.667518427,720.871749627953,4.139382758516588,0.7881447710417261,0.09265578616491085,4.472702401291484
1.7898468878765958,0.009885777488611703,0.6961925929537235,493.82714982182557,81.41379551749178,69.75598875710689,4459032.617116903,720.8717499694734,4.139381319920607,0.7881447710417261,0.0926557870431991,4.47270492893041
1.7898468878765958,0.009885777488611703,0.6961925829537234,493.8271498318256,81.41379551749178,69.75598875710689,4406440.154574665,720.8717497824359,4.1393812900465425,0.7881447710417261,0.0926557882168801,4.472705002984188
1.7898468878765958,0.009885777488611703,0.6961925829537234,493.82714982182557,81.41379552749177,69.75598875710689,4405694.716185159,720.8717497710036,4.139381279775227,0.7881447710417261,0.09265578819440659,4.472705011401495
1.7898468878765958,0.009885777488611703,0.6961925829537234,493.82714982182557,81.41379551749178,69.75598876710689,4405878.000221809,720.8717497728269,4.139381289638229,0.7881447710417261,0.092655788161895,4.4727050080314745
1.7898472164696007,0.009885781185283007,0.6961927061761002,493.82714982217095,81.41379839894411,69.75599174680103,-12903181.778673716,720.871781311096,4.139401230763008,0.7881447710417261,0.09265576364162048,4.472706859286463
1.7898472264696006,0.009885781185283007,0.6961927061761002,493.82714982217095,81.41379839894411,69.75599174680103,-11708907.432270281,720.8717821625687,4.139401778512682,0.7881447710417261,0.09265576372114592,4.472706955350584
1.7898472164696007,0.009885791185283007,0.6961927061761002,493.82714982217095,81.41379839894411,69.75599174680103,-12291917.158025634,720.8717811707287,4.139402705647036,0.7881447710417261,0.09265576151739431,4.472704261844345
1.7898472164696007,0.009885781185283007,0.6961927161761002,493.82714982217095,81.41379839894411,69.75599174680103,-12464614.785568703,720.8717815121123,4.139401273968284,0.7881447710417261,0.0926557623592172,4.472706788841872
1.7898472164696007,0.009885781185283007,0.6961927061761002,493.82714983217096,81.41379839894411,69.75599174680103,-12894838.27038954,720.8717813252158,4.139401233052521,0.7881447710417261,0.09265576357969756,4.472706865235321
1.7898472164696007,0.009885781185283007,0.6961927061761002,493.82714982217095,81.4137984089441,69.75599174680103,-12901226.295503428,720.8717813129136,4.139401222411509,0.7881447710417261,0.09265576361273864,4.472706868077768
1.7898472164696007,0.009885781185283007,0.6961927061761002,493.82714982217095,81.41379839894411,69.75599175680102,-12899654.792210227,720.8717813143099,4.1394012318226405,0.7881447710417261,0.09265576361572322,4.472706861285148
1.0,0.001,0.4,493.826319608666,74.4875794264678,62.56958922931893,1445979.2270915795,682.4765183759143,22.592918170614894,2.1103342305016277e-09,0.03429796109752377,0.9994994415444589
1.00000001,0.001,0.4,493.826319608666,74.4875794264678,62.56958922931893,1445983.1994542172,682.4766585631446,22.59291817061081,2.1171152130026096e-09,0.03429795933465406,0.999499436165194
1.0,0.00100001,0.4,493.826319608666,74.4875794264678,62.56958922931893,1445964.769892491,682.4763234298543,22.59291817062267,2.1005657122539717e-09,0.034297961547418834,0.9994994362200496
1.0,0.001,0.40000001,493.826319608666,74.4875794264678,62.56958922931893,1445979.2051708724,682.4766281807795,22.592918170611206,2.1159500042576817e-09,0.034297961108512465,0.9994994417229797
1.0,0.001,0.4,493.826319618666,74.4875794264678,62.56958922931893,1445979.2201696108,682.4767568605157,22.592918170606758,2.1225876342827944e-09,0.034297961123989675,0.9994994419630218
1.0,0.001,0.4,493.826319608666,74.4875794364678,62.56958922931893,1445979.232686699,682.476555218219,22.592918170613682,2.11226192659636e-09,0.034297961101579726,0.999499441609854
1.0,0.001,0.4,493.826319608666,74.4875794264678,62.56958923931893,1445979.22319421,682.4766672037512,22.59291817060966,2.1179294097567907e-09,0.03429796111402717,0.9994994418043776
1.52656523355447,0.006923858877487787,0.5974619625829262,493.8268730847801,79.10506244703595,67.36052808575792,478.54182391146213,694.1056132580195,22.592918170958292,8.367542353045013e-38,0.03420428847176878,1.2114554429381574
1.5265652435544699,0.006923858877487787,0.5974619625829262,493.8268730847801,79.10506244703595,67.36052808575792,478.541764540078,694.1056141470274,22.592918170958292,1.484272031583653e-37,0.034204290693157634,1.2114554531584345
1.52656523355447,0.006923868877487787,0.5974619625829262,493.8268730847801,79.10506244703595,67.36052808575792,478.541814583263,694.1056150413483,22.592918170958292,6.454473838816802e-38,0.03420428855482688,1.2114554201226497
1.52656523355447,0.006923858877487787,0.5974619725829262,493.8268730847801,79.10506244703595,67.36052808575792,478.54183258124397,694.1056136161155,22.592918170958292,5.547103545665145e-38,0.03420428879780915,1.211455434617718
1.52656523355447,0.006923858877487787,0.5974619625829262,493.8268730947801,79.10506244703595,67.36052808575792,478.54182300334037,694.1056132641132,22.592918170958292,1.925615457491084e-37,0.03420428847430198,1.2114554428304718
1.52656523355447,0.006923858877487787,0.5974619625829262,493.8268730847801,79.10506245703594,67.36052808575792,478.54183083724206,694.1056132557376,22.592918170958292,1.970639740356718e-37,0.03420428846704794,1.2114554431185864
1.52656523355447,0.006923858877487787,0.5974619625829262,493.8268730847801,79.10506244703595,67.36052809575791,478.541838812582,694.1056132506858,22.592918170958292,6.719101783372364e-38,0.034204288481498916,1.2114554420578951
1.7020866163028199,0.008898474433406724,0.6632824811135575,493.82705757643794,80.64422028151023,68.95750441301858,37.81758064159909,716.6215015210082,9.062581715273204,2.0399657003022745e-36,0.07842694698305122,1.9564690694835467
1.7020866263028198,0.008898474433406724,0.6632824811135575,493.82705757643794,80.64422028151023,68.95750441301858,37.81757873310103,716.621502290114,9.0625792900873,2.0023178716849187e-36,0.07842695043380708,1.956469281013507
1.7020866163028199,0.008898484433406724,0.6632824811135575,493.82705757643794,80.64422028151023,68.95750441301858,37.81758477093808,716.6215018555947,9.062582535491993,2.3025943220692163e-36,0.07842694520352345,1.956468943419363
1.7020866163028199,0.008898474433406724,0.6632824911135575,493.82705757643794,80.64422028151023,68.95750441301858,37.81758148688201,716.6215016271153,9.062581440588646,1.9628862789095187e-36,0.07842694677437571,1.9564690678431222
1.7020866163028199,0.008898474433406724,0.6632824811135575,493.82705758643795,80.64422028151023,68.95750441301858,37.817580778100755,716.621501479563,9.062581993361146,2.2527100797616207e-36,0.07842694679857139,1.9564690584352427
1.7020866163028199,0.008898474433406724,0.6632824811135575,493.82705757643794,80.64422029151022,68.95750441301858,37.81758063087626,716.621501532043,9.06258173950914,2.0041861398448327e-36,0.07842694696046394,1.956469068799015
1.7020866163028199,0.008898474433406724,0.6632824811135575,493.82705757643794,80.64422028151023,68.95750442301858,37.81758057261533,716.6215015352968,9.062581567119203,1.903603484108964e-36,0.07842694709858006,1.956469073178506
1.7605937438790744,0.009556679618639588,0.6852226539546529,493.8271190736572,81.1572728929444,69.48982985537941,61.581478329014544,719.0851625123339,2.592918170958296,0.5276765068124899,0.09355840704724895,4.368301662586467
1.7605937538790744,0.009556679618639588,0.6852226539546529,493.8271190736572,81.1572728929444,69.48982985537941,61.58148938829302,719.0851626396483,2.592918170958296,0.5276768156488293,0.09355840877262289,4.368301984415764
1.7605937438790744,0.009556689618639588,0.6852226539546529,493.8271190736572,81.1572728929444,69.48982985537941,61.58148859624299,719.0851625820509,2.592918170958296,0.5276764492353425,0.09355840815585806,4.368300129893867
1.7605937438790744,0.009556679618639588,0.6852226639546529,493.8271190736572,81.1572728929444,69.48982985537941,61.5814839007093,719.0851625280803,2.592918170958296,0.5276765801350469,0.093558405884275,4.368301618802409
1.7605937438790744,0.009556679618639588,0.6852226539546529,493.8271190836572,81.1572728929444,69.48982985537941,61.58147844431706,719.0851625104281,2.592918170958296,0.5276765212099176,0.0935584069509591,4.368301668032652
1.7605937438790744,0.009556679618639588,0.6852226539546529,493.8271190736572,81.1572729029444,69.48982985537941,61.581478353286684,719.0851625162327,2.592918170958296,0.5276765038276823,0.09355840697704666,4.368301676123585
1.7605937438790744,0.009556679618639588,0.6852226539546529,493.8271190736572,81.1572728929444,69.4898298653794,61.58147836730656,719.0851625205382,2.592918170958296,0.5276764986185929,0.09355840694077304,4.368301688832976
1.7800961197377563,0.009776081347049758,0.6925360449016585,493.8271395727303,81.32829043008853,69.66727166949904,135.92377018277463,720.0256035118238,3.5120564451294776,0.7881447710417153,0.09340176083448552,4.4268012012191535
1.7800961297377562,0.009776081347049758,0.6925360449016585,493.8271395727303,81.32829043008853,69.66727166949904,135.92386527093774,720.0256042039066,3.512056956082809,0.7881447710417153,0.09340176120344112,4.426801329483632
1.7800961197377563,0.009776091347049758,0.6925360449016585,493.8271395727303,81.32829043008853,69.66727166949904,135.9238330734719,720.0256034128546,3.5120577452517123,0.7881447710417153,0.09340175833291448,4.426798609340311
1.7800961197377563,0.009776081347049758,0.6925360549016586,493.8271395727303,81.32829043008853,69.66727166949904,135.92380913234555,720.0256036648857,3.5120564805540018,0.7881447710417153,0.09340175971178796,4.42680113656179
1.7800961197377563,0.009776081347049758,0.6925360449016585,493.8271395827303,81.32829043008853,69.66727166949904,135.92377080975106,720.0256035234468,3.5120564588519025,0.7881447710417153,0.09340176081828853,4.42680119439949
1.7800961197377563,0.009776081347049758,0.6925360449016585,493.8271395727303,81.32829044008852,69.66727166949904,135.92377029704264,720.0256035131653,3.5120564609964546,0.7881447710417153,0.09340176070316714,4.4268012036582896
1.7800961197377563,0.009776081347049758,0.6925360449016585,493.8271395727303,81.32829043008853,69.66727167949904,135.92377042668716,720.0256035138527,3.512056459719061,0.7881447710417153,0.093401760753137,4.426801198965255
1.786596911690325,0.009849215256516159,0.6949738418838719,493.8271464057546,81.38529627580039,69.72641894086931,357.44707798787823,720.5672628544837,3.9332965124092643,0.7881447710417261,0.09293626913373543,4.45530027657146
1.786596921690325,0.009849215256516159,0.6949738418838719,493.8271464057546,81.38529627580039,69.72641894086931,357.4479430647314,720.567263660723,3.9332971150643545,0.7881447710417261,0.09293626904330217,4.455300358190509
1.786596911690325,0.009849225256516159,0.6949738418838719,493.8271464057546,81.38529627580039,69.72641894086931,357.4475576843505,720.5672627387611,3.9332979137785706,0.7881447710417261,0.09293626692687544,4.455297687335993
1.786596911690325,0.009849215256516159,0.694973851883872,493.8271464057546,81.38529627580039,69.72641894086931,357.44739524544144,720.5672630395046,3.933296568165552,0.7881447710417261,0.09293626790844066,4.455300195385347
1.786596911690325,0.009849215256516159,0.6949738418838719,493.8271464157546,81.38529627580039,69.72641894086931,357.4470835324592,720.567262866074,3.933296515427374,0.7881447710417261,0.09293626923847953,4.455300264357171
1.786596911690325,0.009849215256516159,0.6949738418838719,493.8271464057546,81.38529628580038,69.72641894086931,357.44707923670853,720.5672628542778,3.9332965295185365,0.7881447710417261,0.09293626908299957,4.4553002701374185
1.786596911690325,0.009849215256516159,0.6949738418838719,493.8271464057546,81.38529627580039,69.7264189508693,357.44708033449774,720.56726285653,3.9332965191969915,0.7881447710417261,0.09293626911781266,4.455300273463681
1.7887638423402115,0.009873593226327379,0.6957864408775792,493.8271486834294,81.40429822436249,69.74613469798389,1021.6737986422208,720.768522497615,4.072982441386338,0.7881447710417261,0.09274030759516783,4.466524724419003
1.7887638523402114,0.009873593226327379,0.6957864408775792,493.8271486834294,81.40429822436249,69.74613469798389,1021.6816237312216,720.7685233377009,4.072982990680163,0.7881447710417261,0.09274030765850431,4.466524823283569
1.7887638423402115,0.009873603226327379,0.6957864408775792,493.8271486834294,81.40429822436249,69.74613469798389,1021.6777953952457,720.7685223652234,4.072983878711914,0.7881447710417261,0.09274030549889267,4.466522134096232
1.7887638423402115,0.009873593226327379,0.6957864508775793,493.8271486834294,81.40429822436249,69.74613469798389,1021.6765546831754,720.7685226943134,4.072982482991021,0.7881447710417261,0.09274030633097775,4.466524654477772
1.7887638423402115,0.009873593226327379,0.6957864408775792,493.8271486934294,81.40429822436249,69.74613469798389,1021.6738484741478,720.7685225127793,4.072982430559577,0.7881447710417261,0.0927403076002933,4.466524732221207
1.7887638423402115,0.009873593226327379,0.6957864408775792,493.8271486834294,81.40429823436249,69.74613469798389,1021.6738102179879,720.7685224996364,4.072982428967263,0.7881447710417261,0.09274030761811183,4.466524730602112
1.7887638423402115,0.009873593226327379,0.6957864408775792,493.8271486834294,81.40429822436249,69.74613470798388,1021.6738197313142,720.768522501305,4.072982444431835,0.7881447710417261,0.09274030752933503,4.46652472920448
1.789486152553928,0.009881719216231691,0.696057307207723,493.82714944265433,81.410632207191,69.7527066169956,3015.0259611805377,720.8372032355392,4.1174213975172815,0.7881447710417261,0.0926831324598408,4.470657257470756
1.789486162553928,0.009881719216231691,0.696057307207723,493.82714944265433,81.410632207191,69.7527066169956,3015.0965492636647,720.8372040816489,4.117421962595024,0.7881447710417261,0.09268313248678771,4.470657347969441
1.789486152553928,0.009881729216231691,0.696057307207723,493.82714944265433,81.410632207191,69.7527066169956,3015.0609294749856,720.8372030969207,4.117422865765747,0.7881447710417261,0.09268313033217807,4.47065465980006
1.789486152553928,0.009881719216231691,0.696057317207723,493.82714944265433,81.410632207191,69.7527066169956,3015.050481433823,720.8372034349479,4.117421447891435,0.7881447710417261,0.0926831311449388,4.470657186073166
1.789486152553928,0.009881719216231691,0.696057307207723,493.82714945265434,81.410632207191,69.7527066169956,3015.0264093511773,720.8372032491637,4.117421396839912,0.7881447710417261,0.09268313245747031,4.470657259028902
1.789486152553928,0.009881719216231691,0.696057307207723,493.82714944265433,81.410632217191,69.7527066169956,3015.0260658052644,720.8372032360469,4.117421409385587,0.7881447710417261,0.09268313238016891,4.470657258073337
1.789486152553928,0.009881719216231691,0.696057307207723,493.82714944265433,81.410632207191,69.75270662699559,3015.026150636592,720.8372032380514,4.1174214058850795,0.7881447710417261,0.09268313240343014,4.470657257694176
1.7897269226164298,0.009884427879434837,0.6961475959811612,493.8271496957293,81.41274353472387,69.75489725658667,9002.73380300143,720.8602429140865,4.132094105669613,0.7881447710417261,0.09266479733462536,4.472025942273937
1.7897269326164298,0.009884427879434837,0.6961475959811612,493.8271496957293,81.41274353472387,69.75489725658667,9003.37071484626,720.8602437647205,4.132094661863851,0.7881447710417261,0.09266479732466162,4.4720260423193805
1.7897269226164298,0.009884437879434837,0.6961475959811612,493.8271496957293,81.41274353472387,69.75489725658667,9003.045990442173,720.8602427733639,4.132095595377129,0.7881447710417261,0.09266479517980822,4.472023336372501
1.7897269226164298,0.009884427879434837,0.6961476059811612,493.8271496957293,81.41274353472387,69.75489725658667,9002.954014651565,720.8602431138175,4.13209415708965,0.7881447710417261,0.09266479606315067,4.472025865204422
1.7897269226164298,0.009884427879434837,0.6961475959811612,493.8271497057293,81.41274353472387,69.75489725658667,9002.73784416458,720.8602429269948,4.132094109999587,0.7881447710417261,0.09266479737041562,4.472025936472476
1.7897269226164298,0.009884427879434837,0.6961475959811612,493.8271496957293,81.41274354472387,69.75489725658667,9002.734748685629,720.8602429146908,4.132094112963005,0.7881447710417261,0.0926647973053935,4.472025940551222
1.7897269226164298,0.009884427879434837,0.6961475959811612,493.8271496957293,81.41274353472387,69.75489726658667,9002.73551086793,720.860242917168,4.132094108191824,0.7881447710417261,0.09266479730035541,4.472025944092072
1.7898071792777206,0.009885330766874357,0.6961776922291452,493.8271497800876,81.41344731033834,69.75562746954523,27035.6749802975,720.8679390618256,4.136970515122658,0.7881447710417261,0.09265876227956708,4.472480613392291
1.7898071892777205,0.009885330766874357,0.6961776922291452,493.8271497800876,81.41344731033834,69.75562746954523,27041.44257245669,720.867939912379,4.13697108286605,0.7881447710417261,0.0926587622447641,4.47248070814439
1.7898071792777206,0.009885340766874357,0.6961776922291452,493.8271497800876,81.41344731033834,69.75562746954523,27038.491721118407,720.8679389199795,4.136972001510084,0.7881447710417261,0.09265876020033544,4.472478002960278
1.7898071792777206,0.009885330766874357,0.6961777022291452,493.8271497800876,81.41344731033834,69.75562746954523,27037.665837906443,720.8679392607468,4.136970550458681,0.7881447710417261,0.09265876116078248,4.472480530898795
1.7898071792777206,0.009885330766874357,0.6961776922291452,493.8271497900876,81.41344731033834,69.75562746954523,27035.711563633908,720.8679390751147,4.136970506202102,0.7881447710417261,0.09265876234813951,4.4724806129966534
1.7898071792777206,0.009885330766874357,0.6961776922291452,493.8271497800876,81.41344732033834,69.75562746954523,27035.683547175428,720.8679390614665,4.136970511005984,0.7881447710417261,0.0926587623979422,4.472480603781956
1.7898071792777206,0.009885330766874357,0.6961776922291452,493.8271497800876,81.41344731033834,69.75562747954523,27035.690440549657,720.8679390637348,4.136970522455598,0.7881447710417261,0.09265876229517893,4.472480606716682
1.7898339314195342,0.009885631728469759,0.6961877242823252,493.82714980820697,81.41368190152043,69.75587087314945,81770.63944242094,720.8705061701731,4.138594813512281,0.7881447710417261,0.09265675779146658,4.472631830165174
1.7898339414195341,0.009885631728469759,0.6961877242823252,493.82714980820697,81.41368190152043,69.75587087314945,81823.49366039608,720.8705070213258,4.13859536349339,0.7881447710417261,0.0926567578406249,4.472631927837425
1.7898339314195342,0.009885641728469759,0.6961877242823252,493.82714980820697,81.41368190152043,69.75587087314945,81796.41548766202,720.8705060278676,4.138596293078507,0.7881447710417261,0.09265675572402614,4.472629223351204
1.7898339314195342,0.009885631728469759,0.6961877342823253,493.82714980820697,81.41368190152043,69.75587087314945,81788.86903527695,720.8705063691613,4.1385948436694155,0.7881447710417261,0.09265675664749985,4.472631753735403
1.7898339314195342,0.009885631728469759,0.6961877242823252,493.827149818207,81.41368190152043,69.75587087314945,81770.97452350266,720.8705061838589,4.138594807847534,0.7881447710417261,0.09265675782068879,4.4726318317487435
1.7898339314195342,0.009885631728469759,0.6961877242823252,493.82714980820697,81.41368191152043,69.75587087314945,81770.71792838782,720.8705061714486,4.138594806877826,0.7881447710417261,0.09265675778382917,4.472631835424701
1.7898339314195342,0.009885631728469759,0.6961877242823252,493.82714980820697,81.41368190152043,69.75587088314944,81770.78104820577,720.8705061729647,4.138594818284007,0.7881447710417261,0.09265675772318017,4.47263183410993
1.7898428485644022,0.009885732046349524,0.6961910682116508,493.8271498175798,81.41376009651394,69.75595200553936,251912.28584379394,720.8713620433247,4.13913611492011,0.7881447710417261,0.09265609032824242,4.47268220035182
1.7898428585644022,0.009885732046349524,0.6961910682116508,493.8271498175798,81.41376009651394,69.75595200553936,252414.81458248192,720.8713628935513,4.139136661741722,0.7881447710417261,0.09265609044690071,4.472682292802675
1.7898428485644022,0.009885742046349524,0.6961910682116508,493.8271498175798,81.41376009651394,69.75595200553936,252157.0930664551,720.8713619011407,4.1391375865226685,0.7881447710417261,0.09265608832257888,4.472679592447382
1.7898428485644022,0.009885732046349524,0.6961910782116508,493.8271498175798,81.41376009651394,69.75595200553936,252085.42683217474,720.8713622434012,4.139136142557777,0.7881447710417261,0.09265608917803153,4.472682126303664
1.7898428485644022,0.009885732046349524,0.6961910682116508,493.82714982757983,81.41376009651394,69.75595200553936,251915.46753907396,720.8713620550404,4.13913612082048,0.7881447710417261,0.09265609039383733,4.47268219035638
1.7898428485644022,0.009885732046349524,0.6961910682116508,493.8271498175798,81.41376010651393,69.75595200553936,251913.03114451614,720.8713620427343,4.139136111701187,0.7881447710417261,0.09265609042275719,4.472682192621282
1.7898428485644022,0.009885732046349524,0.6961910682116508,493.8271498175798,81.41376009651394,69.75595201553935,251913.63034329715,720.8713620454187,4.1391361113847,0.7881447710417261,0.09265609037725234,4.472682197352333
1.789845820239746,0.009885765477697142,0.6961921825899047,493.82714982070337,81.41378615531838,69.75597904324326,822176.0241134086,720.8716472867559,4.139316478760168,0.7881447710417261,0.092655868118833,4.4726989762320715
1.789845830239746,0.009885765477697142,0.6961921825899047,493.82714982070337,81.41378615531838,69.75597904324326,827554.0389707554,720.8716481382115,4.1393170333396805,0.7881447710417261,0.09265586812915534,4.472699074929411
1.789845820239746,0.009885775477697142,0.6961921825899047,493.82714982070337,81.41378615531838,69.75597904324326,824789.4963230126,720.8716471444023,4.139317973357351,0.7881447710417261,0.09265586599528018,4.472696365372421
1.789845820239746,0.009885765477697142,0.6961921925899047,493.82714982070337,81.41378615531838,69.75597904324326,824023.3616197942,720.871647487667,4.1393165218409,0.7881447710417261,0.09265586682233465,4.47269890727144
1.789845820239746,0.009885765477697142,0.6961921825899047,493.8271498307034,81.41378615531838,69.75597904324326,822209.9211316817,720.8716472990221,4.1393164930393285,0.7881447710417261,0.09265586809168007,4.47269897040635
1.789845820239746,0.009885765477697142,0.6961921825899047,493.82714982070337,81.41378616531837,69.75597904324326,822183.9637718489,720.8716472877944,4.139316479423739,0.7881447710417261,0.0926558680836108,4.472698979609232
1.789845820239746,0.009885765477697142,0.6961921825899047,493.82714982070337,81.41378615531838,69.75597905324325,822190.3471591054,720.8716472907225,4.139316493997292,0.7881447710417261,0.09265586795896845,4.472698982795307
1.7898468086853134,0.009885776597709775,0.6961925532569925,493.82714982174235,81.41379482305854,69.75598803658724,3329197.7793976543,720.8717421687234,4.13937647884126,0.7881447710417261,0.09265579412399794,4.472704559884929
1.7898468186853134,0.009885776597709775,0.6961925532569925,493.82714982174235,81.41379482305854,69.75598803658724,3419177.218841335,720.8717430192454,4.139377035039631,0.7881447710417261,0.09265579413504858,4.472704657247486
1.7898468086853134,0.009885786597709775,0.6961925532569925,493.82714982174235,81.41379482305854,69.75598803658724,3372469.0378456567,720.8717420261099,4.139377959474421,0.7881447710417261,0.09265579205788357,4.472701952344209
1.7898468086853134,0.009885776597709775,0.6961925632569925,493.82714982174235,81.41379482305854,69.75598803658724,3359697.411480834,720.8717423690832,4.1393765136629925,0.7881447710417261,0.09265579286424266,4.472704492496836
1.7898468086853134,0.009885776597709775,0.6961925532569925,493.82714983174236,81.41379482305854,69.75598803658724,3329753.6558039566,720.8717421809838,4.139376485027778,0.7881447710417261,0.09265579411252997,4.472704557702696
1.7898468086853134,0.009885776597709775,0.6961925532569925,493.82714982174235,81.41379483305853,69.75598803658724,3329327.973257015,720.8717421687408,4.139376479140964,0.7881447710417261,0.09265579410983182,4.472704561253116
1.7898468086853134,0.009885776597709775,0.6961925532569925,493.82714982174235,81.41379482305854,69.75598804658723,3329432.6560925962,720.8717421700746,4.139376481546011,0.7881447710417261,0.09265579414494937,4.472704555605185
1.7898471318191718,0.009885780232965683,0.6961926744321894,493.827149822082,81.41379765663928,69.7559909766115,1062049180.1266972,720.8717731854437,4.139396107702344,0.7881447710417261,0.09265576987686035,4.472706381619432
1.7898471418191717,0.009885780232965683,0.6961926744321894,493.827149822082,81.41379765663928,69.7559909766115,-143612318.09846026,720.8717740374173,4.139396636070513,0.7881447710417261,0.09265577002338267,4.4727064835625
1.7898471318191718,0.009885790232965683,0.6961926744321894,493.827149822082,81.41379765663928,69.7559909766115,-343355692.2035615,720.87177304466,4.13939756700077,0.7881447710417261,0.09265576788843537,4.472703780261777
1.7898471318191718,0.009885780232965683,0.6961926844321894,493.827149822082,81.41379765663928,69.7559909766115,-560142584.9481254,720.8717733853514,4.1393961207375884,0.7881447710417261,0.09265576883028362,4.472706306421367
1.7898471318191718,0.009885780232965683,0.6961926744321894,493.827149832082,81.41379765663928,69.7559909766115,1121793692.2716684,720.8717731990407,4.139396083798355,0.7881447710417261,0.09265577003527614,4.472706381815262
1.7898471318191718,0.009885780232965683,0.6961926744321894,493.827149822082,81.41379766663927,69.7559909766115,1075466810.264721,720.8717731877134,4.13939608196263,0.7881447710417261,0.09265576996991401,4.472706389160486
1.7898471318191718,0.009885780232965683,0.6961926744321894,493.827149822082,81.41379765663928,69.7559909866115,1086499979.053657,720.8717731885171,4.139396089085938,0.7881447710417261,0.0926557700022634,4.472706380709817
1.789847190928096,0.00988578089794108,0.696192696598036,493.8271498221441,81.41379817496907,69.75599151441237,-18576297.93387198,720.8717788600688,4.1393996765810614,0.7881447710417261,0.09265576551697154,4.47270672142809
1.789847200928096,0.00988578089794108,0.696192696598036,493.8271498221441,81.41379817496907,69.75599151441237,-16197786.908898337,720.8717797119002,4.139400217361639,0.7881447710417261,0.09265576562532316,4.472706819062368
1.789847190928096,0.00988579089794108,0.696192696598036,493.8271498221441,81.41379817496907,69.75599151441237,-17335214.200719155,720.8717787181376,4.139401162986429,0.7881447710417261,0.0926557634233917,4.472704113048685
1.789847190928096,0.00988578089794108,0.696192706598036,493.8271498221441,81.41379817496907,69.75599151441237,-17680689.43377015,720.871779060546,4.139399723247477,0.7881447710417261,0.0926557642483654,4.4727066471027745
1.789847190928096,0.00988578089794108,0.696192696598036,493.82714983214413,81.41379817496907,69.75599151441237,-18559009.702287614,720.8717788726474,4.139399679230166,0.7881447710417261,0.09265576558774806,4.4727067130526255
1.789847190928096,0.00988578089794108,0.696192696598036,493.8271498221441,81.41379818496907,69.75599151441237,-18572245.30077608,720.8717788588938,4.139399683108148,0.7881447710417261,0.09265576557250597,4.472706711313177
1.789847190928096,0.00988578089794108,0.696192696598036,493.8271498221441,81.41379817496907,69.75599152441237,-18568988.806205854,720.8717788628946,4.139399679143909,0.7881447710417261,0.09265576552776082,4.472706718522296
1.7898471579582222,0.00988578052703,0.6961926842343332,493.82714982210945,81.41379788585422,69.7559912144369,-42954767.30660245,720.8717756944076,4.139397691158356,0.7881447710417261,0.09265576794920183,4.472706528373599
1.7898471679582222,0.00988578052703,0.6961926842343332,493.82714982210945,81.41379788585422,69.7559912144369,-32066617.247790202,720.8717765468824,4.139398233513514,0.7881447710417261,0.0926557679905883,4.472706631980068
1.7898471579582222,0.00988579052703,0.6961926842343332,493.82714982210945,81.41379788585422,69.7559912144369,-36853708.30420675,720.8717755532937,4.139399158223853,0.7881447710417261,0.09265576591955538,4.4727039261570525
1.7898471579582222,0.00988578052703,0.6961926942343333,493.82714982210945,81.41379788585422,69.7559912144369,-38450976.96826871,720.8717758942986,4.139397713832011,0.7881447710417261,0.09265576683846222,4.472706453552844
1.7898471579582222,0.00988578052703,0.6961926842343332,493.82714983210946,81.41379788585422,69.7559912144369,-42862441.54480801,720.8717757082906,4.139397680070058,0.7881447710417261,0.09265576800350976,4.472706530959164
1.7898471579582222,0.00988578052703,0.6961926842343332,493.82714982210945,81.41379789585422,69.7559912144369,-42933105.20778474,720.8717756963283,4.139397681239974,0.7881447710417261,0.09265576797487667,4.472706532421313
1.7898471579582222,0.00988578052703,0.6961926842343332,493.82714982210945,81.41379788585422,69.7559912244369,-42915706.372405685,720.8717756981184,4.1393976782731965,0.7881447710417261,0.09265576798531726,4.472706533110677
1.7898471517992536,0.009885780457741604,0.6961926819247201,493.82714982210297,81.41379783184584,69.75599115839971,-56905278.69391964,720.8717751037518,4.139397310825553,0.7881447710417261,0.09265576842106293,4.472706496719033
1.7898471617992535,0.009885780457741604,0.6961926819247201,493.82714982210297,81.41379783184584,69.75599115839971,-39249800.567724764,720.8717759556858,4.139397857089718,0.7881447710417261,0.09265576847964652,4.4727065959399965
1.7898471517992536,0.009885790457741604,0.6961926819247201,493.82714982210297,81.41379783184584,69.75599115839971,-46669937.15144016,720.8717749624756,4.139398788216449,0.7881447710417261,0.09265576634948709,4.472703892137134
1.7898471517992536,0.009885780457741604,0.6961926919247201,493.82714982210297,81.41379783184584,69.75599115839971,-49261328.09284792,720.8717753048238,4.139397339314788,0.7881447710417261,0.09265576723450747,4.47270642595758
1.7898471517992536,0.009885780457741604,0.6961926819247201,493.827149832103,81.41379783184584,69.75599115839971,-56743361.75565582,720.8717751164838,4.139397298310899,0.7881447710417261,0.09265576854876476,4.472706492530886
1.7898471517992536,0.009885780457741604,0.6961926819247201,493.82714982210297,81.41379784184583,69.75599115839971,-56867267.22296748,720.8717751042153,4.139397306970245,0.7881447710417261,0.09265576846465881,4.472706494811055
1.7898471517992536,0.009885780457741604,0.6961926819247201,493.82714982210297,81.41379783184584,69.7559911683997,-56836746.088586956,720.8717751066285,4.13939730884033,0.7881447710417261,0.09265576843849894,4.472706496139678
1.7898471509556597,0.00988578044825117,0.6961926816083723,493.8271498221021,81.41379782444832,69.7559911507243,-59554504.15560681,720.871775024184,4.1393972542403015,0.7881447710417261,0.09265576844552234,4.472706499763265
1.7898471609556597,0.00988578044825117,0.6961926816083723,493.8271498221021,81.41379782444832,69.7559911507243,-40492198.06775042,720.8717758734065,4.139397810617434,0.7881447710417261,0.09265576857117631,4.472706585001054
1.7898471509556597,0.00988579044825117,0.6961926816083723,493.8271498221021,81.41379782444832,69.7559911507243,-48437058.83790966,720.8717748824029,4.139398736829715,0.7881447710417261,0.09265576635853558,4.472703893171879
1.7898471509556597,0.00988578044825117,0.6961926916083724,493.8271498221021,81.41379782444832,69.7559911507243,-51234288.94484569,720.8717752223587,4.139397290210135,0.7881447710417261,0.092655767347834,4.472706414517205
1.7898471509556597,0.00988578044825117,0.6961926816083723,493.8271498321021,81.41379782444832,69.7559911507243,-59377184.99878875,720.8717750351863,4.13939726367448,0.7881447710417261,0.0926557685093012,4.472706487543408
1.7898471509556597,0.00988578044825117,0.6961926816083723,493.8271498221021,81.41379783444832,69.7559911507243,-59512873.006216474,720.8717750236202,4.139397251832363,0.7881447710417261,0.09265576855472,4.472706489918816
1.7898471509556597,0.00988578044825117,0.6961926816083723,493.8271498221021,81.41379782444832,69.75599116072429,-59479445.155844405,720.8717750254867,4.139397253742633,0.7881447710417261,0.09265576854638921,4.472706489236407
1.7898471413874157,0.009885780340608427,0.6961926780202808,493.82714982209205,81.4137977405438,69.75599106366789,-126184853.86318788,720.8717741038217,4.139396678102465,0.7881447710417261,0.09265576922363554,4.472706435989033
1.7898471513874157,0.009885780340608427,0.6961926780202808,493.82714982209205,81.4137977405438,69.75599106366789,-63172583.53941682,720.8717749556582,4.139397213017662,0.7881447710417261,0.09265576935963733,4.47270653459372
1.7898471413874157,0.009885790340608427,0.6961926780202808,493.82714982209205,81.4137977405438,69.75599106366789,-84897644.85556768,720.8717739618827,4.1393981451773705,0.7881447710417261,0.09265576725117565,4.472703827736279
1.7898471413874157,0.009885780340608427,0.6961926880202809,493.82714982209205,81.4137977405438,69.75599106366789,-93881569.09176566,720.8717743037294,4.139396711228506,0.7881447710417261,0.09265576807944953,4.472706357613016
1.7898471413874157,0.009885780340608427,0.6961926780202808,493.82714983209206,81.4137977405438,69.75599106366789,-125391437.47714208,720.8717741180016,4.13939666144222,0.7881447710417261,0.09265576931014506,4.472706438798695
1.7898471413874157,0.009885780340608427,0.6961926780202808,493.82714982209205,81.4137977505438,69.75599106366789,-125998099.68463111,720.8717741055051,4.139396679138011,0.7881447710417261,0.09265576918213347,4.4727064398440115
1.7898471413874157,0.009885780340608427,0.6961926780202808,493.82714982209205,81.4137977405438,69.75599107366789,-125848371.21566851,720.8717741077901,4.139396674159168,0.7881447710417261,0.09265576919162166,4.472706441876708
